census_tract;bbl;address;lot;building;entire_vacant;num_floors;num_residential;num_commercial;sealed;sealedtype;possible_vacant;damage_;rent_or_sale;contact_info;construction;occupation;park_use;num_park_floors;cnc_ou_br;num_floors_nc;num_commercial_nc;num_residential_nc;contact_info_nc;num_floors_ic;num_commercial_ic;num_residential_ic;luxury;rent_or_sale_ic;contact_info_ic;obs
389;3031340018;28 PARK STREET;;;;;;;;;;;;;;;;;1;2;;;28 Park Realty LLC 1299 Lee Ave South Suite 1000 Bklyn NY 11211;;;;;;;
389;3031340019;30 PARK STREET;;;;;;;;;;;;;;;;;1;2;;;28 Park Realty LLC 1299 Lee Ave South Suite 1000 Bklyn NY 11211;;;;;;;
389;3031340021;40 PARK STREET;;4;1;4;;;1;1;;;;;;;;;;;;;;;;;;;;
389;3031330018;344 ELLERY STREET;2;;;;;;;;;;;;;;;;;;;;BJ HOLDINGS LLC;;;;;;;
389;3031330020;350 ELLERY STREET;2;;;;;;;;;;;;;;;;;;;;RBH HOLDINGS NYC 100A BROUDWAY STE 230 BROOKLYN NY 11249 718-302-9641;;;;;;;
389;3031320008;797 BROADWAY;;3;2;4;2;2;1;5;;2;;;;;;;;;;;;;;;;;;
389;3031310037;27 FAYETTE STREET;1;;;;;;;;;;;;;;;;;;;;;;;;;;;
389;3031320021;32 FAYETTE STREET;;;;;;;;;;;;;;;;;1;9;9;;7be LLC 212-221-5000;;;;;;;
389;3031320001;815 BROADWAY;;4;1;5;;5;1;2;;;1;RIPCONY.COM;;;;;;;;;;;;;;;;
389;3031310023;802 FLUSHING AVENUE;2;;;;;;;;;;;;;;;;;;;;;;;;;;;
389;3031310005;781 BROADWAY;;1;2;3;2;1;1;5;;;;;;;;;;;;;;;;;;;;
389;3031310004;783 BROADWAY;;1;2;3;2;1;1;5;;;;;;;;;;;;;;;;;;;;
389;3031310003;785 BROADWAY;;1;2;3;2;1;1;5;;;;;;;;;;;;;;;;;;;;
389;3031380018;17 GARDEN STREET;;;;;;;;;;;;;;;;;2;3;;3;JYR DEVELOPMENT LLC;;;;;;;
389;3031380040;478 BUSHWICK AVENUE;;;;;;;;;;;;;;;;;2;2;2;;;;;;;;;
389;3031700039;15 TROUTMAN STREET;;;;;;;;;;;;;;;;;2;4;;4;GOBINS GBH AND R CONSTRUCTION;;;;;;;
389;3031700005;1165 MYRTLE AVENUE;;;;;;;;;;;;;;;;;;3;1;2;;;;;;;;
389;3031700008;1159 MYRTLE AVENUE;1;;;;;;;;;;;;;;;;;;;;;;;;;;;
389;3031600001;939 BROADWAY;;1;2;;;;;;;;;;;;;;;;;;;;;;;;;
389;3031700018;18 JEFFERSON STREET;;;;;;;;;;;;;;;;;1;4;;4;38 BEHATZLAHA CORP;;;;;;;
389;3031700019;20 JEFFERSON STREET;2;;;;;;;;;;;;;;;;;;;;;;;;;;;
389;3031500039;29 MELROSE STREET;;;;;;;;;;;;;;;;;2;2;;2;CORCORAN REALTY;;;;;;;
389;3031600013;18 MELROSE STREET;1;;;;;;;;;;;;;;;;;;;;;;;;;;;
389;3031500046;13 MELROSE STREET;;;;;;;;;;;;;;;;;1;4;;4;APTSANDLOFTS.COM;;;;;;;
389;3031500001;923 BROADWAY;;;;;;;;;;;;;;;;;1;3;;3;AMBROSINO CONST SORP;;;;;;;
389;3031500005;913 BROADWAY;;3;2;3;2;1;1;5;;2;;;;;;;;;;;;;;;;;;
389;3031500006;911 BROADWAY;;3;2;3;2;1;2;;;;1;NOOKLYN 347-318-3595;;;;;;;;;;;;;;;;
389;3031500026;574 BUSHWICK AVENUE;;;;;;;;;;;;;;;;;2;4;;4;RUBEN PENA 718-387-1998;;;;;;;
389;3031500025;36 ARION PLACE;1;;;;;;;;;;;;;;;;;;;;;;;;;;;
389;3031360002;897 BROADWAY;2;;;;;;;;;;;;;;;;;;;;;;;;;;;
389;3031350036;21 BELVEDERE STREET;;;;;;;;;;;;;;;;;;;;;;4;2;2;;;;
389;3031360019;26 BELVEDERE STREET;2;;;;;;;;;;;;;;;;;;;;;;;;;;;
389;3031360021;32 BELVEDERE STREET;2;;;;;;;;;;;;;;;;;;;;;;;;;;;
389;3031360024;36 BELVEDERE STREET;;;;;;;;;;;;;;;;;;;;;;4;;;;1;DAN 646-327-1600;
389;3031350016;28 LOCUST STREET;;;;;;;;;;;;;;;;;;;;;;4;;4;;;;
389;3031350008;861 BROADWAY;;;;;;;;;;;;;;;;;2;4;1;3;718-302-2171;;;;;;;
389;3031350007;863 BROADWAY;;;;;;;;;;;;;;;;;2;4;1;3;718-302-2171;;;;;;;
389;3031340006;839 BROADWAY;;3;2;3;2;1;1;2;;2;1;GARRY STEINBERG 212-776-1285;;;;;;;;;;;;;;;;
389;3031340010;12 PARK STREET;2;;;;;;;;;;;;;;;;;;;;;;;;;;;
389;3031370009;534 BUSHWICK AVENUE;1;;;;;;;;;;;;;;;;;;;;;;;;;;;
389;3031370011;90 BEAVER STREET;1;;;;;;;;;;;;;;;;;;;;;;;;;;;
389;3031370006;540 BUSHWICK AVE;1;;;;;;;;;;;;;;;;;;;;;;;;;;;
389;3031370001;544 BUSHWICK AVENUE;1;;;;;;;;;;;;;;;;;;;;;;;;;;;
389;3031360022;BELVEDERE STRREET;1;;;;;;;;;;;;;;;;;;;;;;;;;;;
389;3031500025;ARION PLACE;1;;;;;;;;;;;;;;;;;;;;;;;;;;;
389;3031700009;1157 MYRTLE AVENUE;1;;;;;;;;;;;;;;;;;;;;;;;;;;;
391;3031620001;6 STANWIX STREET;;3;2;4;2;2;2;;;3;2;TRI STATE CONTRACTING (917) 826 7743;2;1;;;;;;;;;;;;;;
391;3031830013;22 TROUTMAN STREET;;;;;;;;;;;;;;;;;1;3;;;JOE SOO/ DINE REALTY LLC;;;;;;;
391;3031710065;39 TROUTMAN STREET;;;;;;;;;;;;;;;;;1;5;;;;;;;;;;
391;3031710002;637 BUSHWICK AVENUE;1;;1;;;;1;3;2;;2;;2;1;;;;;;;;;;;;;;
391;3032060016;212 EVERGREEN AVENUE;;1;1;4;;;1;2;2;2;1;(347)406-20676;1;2;;;;;;;;;;;;;;
391;3031830005;669 BUSHWICK AVENUE;;2;1;5;;;1;3;2;2;1;REGAL BUILDING REALTY;1;2;;;;;;;;;;;;;;
391;3031830063;943 WILLOUGHBY AVENUE;1;;1;;;;;;;;2;;1;2;;;;;;;;;;;;;;
391;3031830066;14 CHARLES PLACE;;;;;;;;;;;;;;;1;1;;;;;;;;;;;;
391;3031830055;949 WILLOUGHBY AVENUE;1;;;;;;1;3;2;2;2;;2;1;;;;;;;;;;;;;;
391;3031630001;105 EVERGREEN AVENUE;;;;;;;;;;;;;;;2;1;;;;;;;;;;;;
391;3031390029;25 MONTIETH STREET;;;;;;;;;;;;;;;1;1;;;;;;;;;;;;
391;3031390001;467 BUSHWICK AVENUE;1;;;;;;1;3;2;3;2;;2;2;;;;;;;;;;;;;;
391;3031450100;9 NOLL STREET ;;;;;;;;;;;;;;;;;1;6;;;;;;;;;;
391;3031510012;533 BUSHWICK AVENUE;;;;;;;;;;;;;;;;;1;6;;;;;;;;;;
391;3031710058;51 TROUTMAN STREET;;;;;;;;;;;;;;;;;1;5;;;;;;;;;;
391;3031710057;53 TROUTMAN STREET;;2;1;3;;;1;3;2;;2;;2;2;;;;;;;;;;;;;;
391;3031710052;63 TROUTMAN STREET;;;;;;;;;;;;;;;;;1;4;;;;;;;;;;
391;3031710037;146 EVERGREEN STREET;;;;;;;;;;;;;;;;;1;4;;;;;;;;;;
391;3031710033;88 JEFFERSON STREET;;;;;;;;;;;;;;;;;1;4;;;;;;;;;;
391;3031620046;73 JEFFERSON;;2;2;4;;;1;2;1;3;2;;2;1;;;;;;;;;;;;;;
393;3032040032;692 BUSHWICK AVENUE;;;;;;;;;;;;;;;;;1;4;;;7188831100;;;;;;;
393;3032050034;65 SUYDAM STREET;;2;;3;;;1;2;1;1;2;;2;2;;;;;;;;;;;;;;
393;3032050023;1208 MYRTLE AVENUE;;1;;1;;;2;;1;2;2;;1;2;;;;;;;;;;;;;;
393;3032150021;82 SUYDAM STREET;;1;;1;;;1;5;;2;2;;2;2;;;;;;;;;;;;;;
393;3032150026;1222 MYRTLE AVENUE;;3;;2;1;1;2;;1;;2;;2;1;;;;;;;;;;;;;;
393;3032260020;560 HART STREET;;;;;;;;;;;;;;;1;;;;;;;;;;;;;
393;3032260036;19 CEDAR STREET;;;;;;;;;;;;;;;1;;;;;;;;;;;;;
393;3032310015;28A CEDAR STREET;;2;1;3;;;1;2;;;2;;2;2;;;;;;;;;;;;;;
393;3032420001;797 BUSHWICK AVENUE;;;;;;;;;;;;;;;;;2;5;;;Minelli Construction Co;;;;;;;
393;3032520020;648 KOSCIUSZKO STREET;;;;;;;;;;;;;;;;;1;3;;;7186226666;;;;;;;
393;3032410001;1132 DE KALB AVENUE;;2;1;3;;;1;2;;;2;;1;;;;;;;;;;;;;;;
393;3032410008;1144 DE KALB AVENUE;;;;;;;;;;;;;;;;;2;4;;;7185993838;;;;;;;
393;3032300011;34 DODWORTH STREET;2;;;;;;;;;;;;;;;;;;;;;;;;;;;
393;3032290031;27 DODWORTH STREET;;;;;;;;;;;;;;;;;1;5;;;6462466200;;;;;;;
393;3032300004;20 DODWORTH STREET;;;;;;;;;;;;;;;;;2;4;;;Abraham Grunhut, Building USA LLC;;;;;;;
393;3032290041;11 DODWORTH STREET;;;;;;;;;;;;;;;;;1;3;;;Behrouz Shavoulian;;;;;;;
393;3032140028;507 HART STREET;;2;1;2;;;1;4;;2;2;;2;2;;;;;;;;;;;;;;
393;3032040031;690 BUSHWICK AVENUE;;;;;;;;;;;;;;;;;2;2;;;;;;;;;;
393;3032040024;682 BUSHWICK AVENUE;;;;;;;;;;;;;;;;;1;4;;;;;;;;;;
393;3032040019;906 WILLOUGHBY AVENUE;;2;1;2;;;1;2;;;2;;2;2;;;;;;;;;;;;;;
393;3031930017;979 BROADWAY;2;;;;;;;;;;;;;;;;;;;;;;;;;;;
393;3031930018;977 BROADWAY;2;;;;;;;;;;;;;;;;;;;;;;;;;;;
393;3031930020;975 BROADWAY;2;;;;;;;;;;;;;;;;;;;;;;;;;;;
393;3031930120;973 BROADWAY;2;;;;;;;;;;;;;;;;;;;;;;;;;;;
393;3031930021;971 BROADWAY;2;;;;;;;;;;;;;;;;;;;;;;;;;;;
393;3031930121;969 BROADWAY;2;;;;;;;;;;;;;;;;;;;;;;;;;;;
393;3031930022;967 BROADWAY;2;;;;;;;;;;;;;;;;;;;;;;;;;;;
393;3031930003;1168 MYRTLE AVENUE;2;;;;;;;;;;1;7187653858;;;;;;;;;;;;;;;;
395;3032530022;304 EVERGREEN AVENUE;;2;1;3;;;1;2;;2;2;;2;2;;;;;;;;;;;;;;
395;3032530023;306 EVERGREEN AVENUE;;2;1;3;;;2;;1;3;2;;1;2;;;;;;;;;;;;;;
395;3032730010;1197 BROADWAY;1;;;;;;;;;;;;1;;;;;;;;;;;;;;;
395;3032730014;1124 LAFAYETTE AVENUE;;;;;;;;;;;;;;;1;;;;;;;;;;;;;
395;3032630042;1137 LAFAYETTE AVENUE;;;;;;;;;;;;;;;2;;;;;;;;;;;;;
395;3032740001;869 BUSHWICK AVENUE;;2;1;7;;;2;;1;;2;;1;2;;;;;;;;;;;;;;
395;3032840016;24 HARMAN STREET;;;;;;;;;;;;;;;;;1;4;;;Harman Realty NY LLC;;;;;;;
395;3032730001;1213 BROADWAY;;;;;;;;;;;;;;;;;1;3;;;7186252000;;;;;;;
395;3032830011;584 VAN BUREN STREET;;;;;;;;;;;;;;;;;1;4;1;3;;;;;;;;
395;3032930015;12 GOODWIN PLACE;1;;;;;;;;;;;;;;;;;;;;;;;;;;;
395;3032930021;26 GOODWIN PLACE;;2;1;2;;;1;2;;2;2;;2;2;;;;;;;;;;;;;;
395;3033130021;69 GROVE STREET;;;;;;;;;;;;;;;;;1;3;;;Green Complex LLC;;;;;;;
395;3033130014;428 EVERGREEN AVENUE;;;;;;;;;;;;;;;;;2;3;;;E&J Construction;;;;;;;
395;3032950024;23 BLEECKER STREET;;;;;;;;;;;;;;;;;1;5;;;9177498651;;;;;;;
395;3032950001;1118 GREENE AVENUE;;;;;;;;;;;;;;;;;2;3;;;;;;;;;;
397;3033870008;1517 BROADWAY;;3;1;4;3;1;1;2;;3;2;;2;2;;;;;;;;;;;;;;
397;3033480038;1090 BUSHWICK AVE;;2;1;4;;;1;3;;2;2;;2;1;;;;;;;;;;;;;;Trash suggests informal occupation
397;3033660038;1134 BUSHWICK AVE;;2;1;3;;;1;2;;2;2;;2;2;;;;;;;;;;;;;;
397;3033660039;1136 BUSHWICK AVE;;2;1;4;;;1;2;;2;2;;2;2;;;;;;;;;;;;;;
397;3033660040;1138 BUSHWICK AVE;;2;1;4;;;2;;;2;2;;2;2;;;;;;;;;;;;;;Place was abandoned, and it will be demolished because of a fire
397;3033660041;1140 BUSHWICK AVE;;2;1;4;;;2;;;2;2;;2;2;;;;;;;;;;;;;;Where the fire started, it will be demolished
397;3033660042;1144 BUSHWICK AVE;;2;1;4;;;2;;;2;2;;2;2;;;;;;;;;;;;;;Where the fire started, it will be demolished
397;3033480032;1178 BUSHWICK AVE;;;;;;;;;;;;;;;;;2;5;1;4;Building USA LLC +1(718)599-0024;;;;;;;
397;3033480042;1098 BUSHWICK AVE;;;;;;;;;;;;;;;;;2;4;;4;;;;;;;;
397;3033870041;1214 BUSHWICK AVE;;2;1;4;;;2;;1;2;2;;2;2;;;;;;;;;;;;;;
397;3033870042;1216 BUSHWICK AVE;;2;1;4;;;1;2;;2;2;;1;2;;;;;;;;;;;;;;
397;3033940033;1230 BUSHWICK AVE;;2;1;3;;;1;3;;2;1;Contact +1(718)418-8800;2;2;;;;;;;;;;;;;;
397;3033870044;1021 HANCOCK;1;;;;;;1;2;;1;2;;2;2;;;;;;;;;;;;;;Tags on the wood gates
397;3033870001;1531 BROADWAY (CORNER WITH HANCOCK STREET);1;;;;;;2;;1;2;2;;2;2;;;;;;;;;;;;;;Used as storage
397;3033730001;1485 BROADWAY (CORNER WITH CORNELIA STREET);2;;;;;;;;;;;;;;;;;;;;;;;;;;;Used as mini golf field
397;3033800009;1487 BROADWAY (CORNER WITH CORNELIA STREET);;1;1;2;;;2;;1;;2;;2;2;;;;;;;;;;;;;;
397;3033390012;1110 GATES AVE;;2;1;4;;;2;;1;;2;;2;2;;;;;;;;;;;;;;Neighbor informed us the building is vacant
397;3033390019;1054 BUSHWICK AVE;;;;;;;;;;;;;;;1;1;;;;;;;;;;;;
397;3033390019;1054 BUSHWICK AVE;2;;;;;;;;;;;;;;;;;;;;;;;;;;;Verizon Parking
397;3033390019;1054 BUSHWICK AVE;;3;1;4;3;1;2;;1;2;2;;2;2;;;;;;;;;;;;;;Ridgewood Masonic Temple
397;3033300043;1083 GATES AVE;2;;;;;;;;;;;;;;;1;;;;;;;;;;;;Used as parking lot
397;3033300041;1089 GATES AVE;2;;;;;;;;;;;;;;;1;;;;;;;;;;;;Used as parking lot
397;3033870001;1531 BROADWAY (CORNER WITH JEFFERSON AVE);1;;;;;;1;3;;;2;;2;2;;;;;;;;;;;;;;
397;3033870001;1531 BROADWAY (JEFFERSON AVE);1;;;;;;1;3;;;2;;2;2;;;;;;;;;;;;;;
397;3033870001;1531 BROADWAY (JEFFERSON AVE);1;;;;;;1;3;;;2;;2;2;;;;;;;;;;;;;;
397;3033800059;1033 JEFFERSON AVE;2;;;;;;1;3;;;2;;2;2;;;;;;;;;;;;;;Used as storage by the owner
397;3033870014;1038 JEFFERSON AVE;2;;;;;;1;3;;;2;;2;2;;;;;;;;;;;;;;Used as storage by the owner
397;3033800055;1041 JEFFERSON AVE;;2;1;4;;;1;2;;;2;;2;2;;;;;;;;;;;;;;Same person owns 1041, 1048 and parking lot located in Jefferson Ave
397;3033870016;1042 JEFFERSON AVE;1;;;;;;1;3;;;2;;2;2;;;;;;;;;;;;;;
397;3033870019;1048 JEFFERSON AVE;;2;1;3;;;1;2;;;2;;2;2;;;;;;;;;;;;;;Same person owns 1041, 1048 and parking lot located in Jefferson Ave
397;3033870020;1050 JEFFERSON AVE;2;;;;;;;;;;;;;;;1;;;;;;;;;;;;Used as parking lot
397;3033870021;1052 JEFFERSON AVE;2;;;;;;;;;;;;;;;1;;;;;;;;;;;;Used as parking lot
397;3033390019;1054 JEFFERSON AVE;2;;;;;;;;;;;;;;;1;;;;;;;;;;;;Used as parking lot
397;3033870025;1060 JEFFERSON AVE;2;;;;;;;;;;;;;;;;;;;;;;;;;;;Used as parking lot
397;3033870026;1062 JEFFERSON AVE;2;;;;;;;;;;;;;;;;;;;;;;;;;;;Used as parking lot
397;3033870028;1066 JEFFERSON AVE;1;;;;;;1;3;;;2;;2;2;;;;;;;;;;;;;;
397;3033730045;35 CORNELIA STREET;;;;;;;;;;;;;;;1;1;;;;;;;;;;;;Used as garage for 35 Cornelia Street
397;3033480010;1389 BROADWAY (WOODBINE STREET);1;;;;;;1;5;;2;1;Contact: +1(800)808-0752;;;;;;;;;;;;;;;;"We buy houses; Graffiti tags"
397;3033570014;14 WOODBBINE STREET;;2;1;4;;;1;3;;2;2;;2;2;;;;;;;;;;;;;;
397;3033480051;25 WOODBINE STREET;;;;;;;;;;;;;;;;;1;4;;4;;;;;;;;Probably converted use from commercial to residential
397;3033480050;27 WOODBINE STREET;1;;;;;;1;2;;2;2;;2;2;;;;;;;;;;;;;;
397;3033480047;33 WOODBINE STREET;;2;2;1;2;;2;;2;2;1;Glady's Martinez Incomplete number +1 848-4700;;;;;;;;;;;;;;;;
397;3033570030;38 WOODBINE STREET;;2;1;3;;;1;2;;2;2;;2;2;;;;;;;;;;;;;;
397;3033480012;10 PALMETTO;;2;1;5;;;2;2;;2;2;;1;;;;;;;;;;;;;;;A neighborhood informed us the rehabilitation started in November 2014)
397;3033390043;15 PALMETTO;;2;1;;;;2;;1;2;2;;1;2;;;;;;;;;;;;;;
397;3033480028;42 PALMETTO;;2;1;;;;1;2;;;2;;1;2;;;;;;;;;;;;;;Possible air rights (construction of 2 more floors)
397;3033210052;1327 BROADWAY (CORNER WITH LINDEN STREET);2;;;;;;;;;;;;;;;;;;;;;;;;;;;Community Garden since 1970's riots (organized by Linden homeowners)
397;3033210052;1327 BROADWAY (LINDEN STREET);1;;;;;;1;3;;;;;;;;;;;;;;;;;;;;
397;3033210052;1327 BROADWAY (LINDEN STREET);1;;;;;;1;3;;;;;;;;;;;;;;;;;;;;
397;3033300013;34 LINDEN;;2;1;3;;;1;2;;2;2;;2;2;;;;;;;;;;;;;;
397;3033730013;1096 PUTNAM;2;;;;;;;;;;;;;;;;;;;;;;;;;;;Used as parking lot
397;3033730011;1098 PUTNAM;2;;;;;;;;;;;;;;;;;;;;;;;;;;;Used as parking lot
397;3033730016;1102 PUTNAM;;2;1;4;;;1;2;;1;2;;2;1;;;;;;;;;;;;;;"Structure might not be secure; maybe it was previous occupied"
397;3033730024;1118 PUTNAM;;2;2;1;;;1;2;;2;2;;2;2;;;;;;;;;;;;;;
397;3033570065;951 MADISON;;;;;;;;;;;;;;;;;1;5;1;4;Broadway Bushwick Builders, LP +1(212)935-4136;;;;;;;
397;3033660011;952 MADISON;;;;;;;;;;;;;;;;;1;4;;4;Zhingri Builders Inc +1(516)807-7434;;;;;;;
397;3033660023;974 MADISON;2;;;;;;;;;;;;;;;;;;;;;;;;;;;Used as Community Garden (owned by the city)
397;3033660025;976 MADISON;;;;;;;;;;;;;;;;;1;5;;5;Ile Construction +1(718)276-2866;;;;;;;
397;3033660028;982 MADISON;2;;;;;;;;;;;;;;;;;;;;;;;;;;;Used as parking lot/ Vacant for 30 years
397;3033660029;984 MADISON;2;;;;;;;;;;;;;;;;;;;;;;;;;;;Used as parking lot/ Vacant for 30 years
397;3033660030;986 MADISON;2;;;;;;;;;;;;;;;;;;;;;;;;;;;Used as parking lot/ Vacant for 30 years
399;3033880046;1073 HANCOCK STREET;;2;1;3;3;;2;;;2;2;;1;2;;;;;;;;;;;;;;
399;3033810056;1111 JEFFERSON AVENUE;;2;1;3;3;;2;;;;1;BEDFORD BROWNSTONE BBRHOMES.NET (917) 450-4341/LESLIE (718) 809-1629;2;2;;;;;;;;;;;;;;
399;3033810053;1117 JEFFERSON AVENUE;;2;1;3;3;;2;;;;2;;1;2;;;;;;;;;;;;;;
399;3033880030;1140 JEFFERSON AVENUE;;2;1;3;3;;1;2;;;2;;2;2;;;;;;;;;;;;;;
399;3033740024;1178 PUTNAM AVENUE;;;;;;;;;;;2;;;;;;2;3;;3;ABRAHAM GRUNHUT/AVIV SABONI/BUILDING USA, PREMIER SEWER & WATERMAN LLC (NAMES ON PERMITS);;;;;;;
399;3033670041;1183 PUTNAM AVENUE;;2;1;4;4;;1;5;;3;2;;2;2;;;;;;;;;;;;;;
399;3033670018;1028 MADISON STREET;;2;1;3;3;;1;2;;;2;;2;2;;;;;;;;;;;;;;
399;3033490040;75 WOODBINE STREET;;2;1;3;3;;1;3;;;2;SOLOMON SECURITY (917) 500-1025;;;;;;;;;;;;;;;;
399;3033490032;522 EVERGREEN AVENUE;;2;1;2;2;;2;;;;1;(917) 496-5838 RAPIDNYC.COM;;;;;;;;;;;;;;;;
399;3033490030;518A EVERGREEN AVENUE;;;;;;;;;;;2;;;;;;1;3;;3;EMMA GROUP MANAGEMENT INC (718) 454-5540 70-09 73RD PL GLENDALE, NY/ARNOLD MONTAG ARCHITECT (516) 829-7939 (718) 428-3366;;;;;;;
399;3033400006;1166 GATES AVENUE;;2;1;3;3;;2;;;;2;;1;2;;;;;;;;;;;;;;
399;3033310005;66 LINDEN STREET;;2;1;3;3;;1;2;;;2;;2;2;;;;;;;;;;;;;;
399;3033220008;72 GROVE STREET;2;;;;;;;;;2;2;;;;;;;;;;;;;;;;;
399;3033490024;84 PALMETTO STREET;2;;;;;;;;;;2;;;;;;;;;;;;;;;;;
399;3033490025;510 EVERGREEN AVENUE;2;;;;;;;;;;2;;;;;;;;;;;;;;;;;
399;3033580006;1109 BUSHWICK AVENUE;;;;;;;;;;;2;;;;1;;;;;;;;;;;;;
399;3033880007;1203 BUSHWICK AVENUE;;;;;;;;;;;2;;;;;;2;4;;4;BUSHWICK 1203 LLC NYC.GOVE/BUILDINGS;;;;;;;
401;3034200048;21 SCHAEFER STREET;;;;;;;;;;;2;;;;;;;;;;;;;;;;;
401;3034010037;1262 BUSHWICK AVENUE;1;;;;;;;;;;2;;;;;;;;;;;;;;;;;
401;3034140040;1294 BUSHWICK AVENUE;1;;;;;;;;;;2;;;;;;;;;;;;;;;;;
401;3034080055;23 ELDERT STREET;2;;;;;;;;;;2;;;;;;;;;;;;;;;;;
401;3034080054;25 ELDERT STREET;2;;;;;;;;;;2;;;;;;;;;;;;;;;;;
401;3034140005;1629 BROADWAY;3;;;;;;;;;;2;;;;;;;;;;;;;;;;;
401;3034210060;59 SCHAEFER STREET;1;;;;;;;;;;2;;;;;;;;;;;;;;;;;
401;3034260039;1009 DECATUR STREET;1;;;;;;;;;;2;;;;;;;;;;;;;;;;;
401;3034270008;1345 BUSHWICK AVENUE;;;;;;;;;;;2;;1;2;;;2;3;;3;;;;;;;;
401;3034140122;28 ELDERT STREET;;;;;;;;;;;2;;1;2;;;2;3;;3;;;;;;;;
401;3034080048;37 ELDERT STREET;;;;;;;;;;;2;;1;2;;;1;4;;4;MICHELLE SAN MIGUEL/MRMD NY CORP (718) 332-7332;;;;;;;
401;3034210059;61 SCHAEFER STREET;;2;1;3;3;;1;2;;;2;;1;2;;;;;;;ACCRETE CONSTRUCTION (212) 390-8353;;;;;;;
401;3034200029;1318 BUSHWICK AVENUE;;3;1;3;2;1;1;2;;;1;TRI-STATE COMMERCIAL (917) 409-6066;1;2;;;;;;;ABRAHAM GRUNHUT (NAME ON PERMITS);;;;;;;
401;3034200014;16 COVERT STREET;;2;1;3;3;;1;2;;;1;WE BUY HOUSES AND LAND CASH (718) 949-5555;2;2;;;;;;;;;;;;;;
401;3034080045;43 ELDERT STREET;;2;1;3;3;;1;5;;;2;;1;2;;;;;;;;;;;;;;
401;3034150008;1297 BUSHWICK AVENUE;;2;1;3;3;;1;1;;;2;;2;2;;;;;;;;;;;;;;
401;3034090001;1287 BUSHWICK AVENUE;;3;2;3;2;1;2;;;;1;RAPID REALTY (646) 820-6399;2;2;;;;;;;;;;;;;;
401;3034150032;96 ELDERT STREET;;2;1;3;3;;1;2;;;2;;1;2;;;;;;;;;;;;;;
401;3034090028;1068 HALSEY STREET;;2;1;4;4;;2;;;;2;;1;2;;;;;;;;;;;;;;
401;3034020004;1261 BUSHWICK AVENUE;;2;1;4;4;;1;3;;;2;;1;2;;;;;;;;;;;;;;
401;3034020006;1255 BUSHWICK AVENUE;;1;1;2;;2;2;;;2;2;;2;2;;;;;;;;;;;;;;
401;3034260026;40 SCHAEFER STREET;;2;2;4;4;;2;;;3;2;;2;2;;;;;;;;;;;;;;
401;3034140040;1294 BUSHWICK AVENUE;;2;1;3;3;;1;2;;;2;;2;2;;;;;;;;;;;;;;
401;3034010004;1567 BROADWAY;;3;2;3;2;1;1;3;;;2;;2;2;;;;;;;;;;;;;;
401;3034010010;12 WEIRFIELD STREET;;5;1;2;;;1;1;;;2;;2;2;;;;;;;;;;;;;;
401;3034010006;1561 BROADWAY;;3;2;3;2;1;2;;;;2;;2;2;;;;;;;;;;;;;;
403;3034500043;1454 Bushwick Avenue;;2;1;3;;;1;2;;;2;;1;;;;;;;;;;;;;;;NYC DOB Work Permit
403;3034500032;666 Chauncey Street;;2;1;3;;;1;2;;;2;;2;2;;;;;;;;;;;;;;
403;3034500028;656 Chauncey Street;1;;;;;;;;;;2;;;;;;;;;;;;;;;;;THERE IS NO 656 CHAUNCEY! CHECK THIS!
403;3034500023;648 Chauncey Street;;2;1;3;;;2;;;;1;917-575-7033;;;;;;;;;;;;;;;;
403;3034380064;7 Moffat Street;1;;;0;;;;;;;2;;;;;;;;;;;;;;;;;Overgrown with weeds, fenced off
403;3034380046;43 Moffat Street;;2;1;4;;;1;2;1;2;2;;2;1;;;;;;;;;;;;;;People Inside
403;3034380034;1392 Bushwick Avenue;;2;1;4;;;2;;1;;1;Transvilla Real Estate;2;2;;;;;;;;;;;;;;
403;3034320043;37a Cooper Street;;2;;4;;;;;;;2;KP Developers;;;;;;;;;;;;;;;;
403;3034320050;23 Cooper Street;;2;2;3;;;;;;;2;;;1;;;;;;;;;;;;;;
403;3034320018;988 Decatur Street;;;;4;;;;;;;2;;1;;;;2;4;;;;;;;;;;
403;3034320026;1008 Decatur Street;;;;;;;;;;;2;;1;;;;;;;;ILE Construction Group;;;;;;;
403;3034320027;1010-1016 Decatur Street;;;;;;;;;;;2;;1;;;;;;;;ILE Construction Group;;;;;;;
403;3034390001;1411 Bushwick Avenue;;2;2;2;;;;;;;2;;;;;1;;;;;;;;;;;;Very very old
403;3034390019;76a Cooper Street;;2;2;3;;;1;5;;;2;;;;;;;;;;;;;;;;;Only basement inhabited
403;3034390022;80 Cooper Street;;;1;3;;;1;2;;;2;;;;;;2;3;;;;;;;;;;NYC DOB Work Permit
403;3034330048;87a Cooper Street;;2;1;3;;;1;3;;2;2;;;;;;;;;;;;;;;;;vacant trash heap next door, too
403;3034330037;99 Cooper Street;1;;;;;;;;;;1;Ocwen Loan Servicing LLC;;;;;;;;;;;;;;;;Overgrown with weeds, fenced off
403;3034330032;738 Evergreen;1;;;;;;;;;;2;;;;;;;;;;;;;;;;;Just got sold, as of 10-2014
403;3034450008;1413 Bushwick Avenue;;;2;3;;;;;;;2;;;;;;2;3;1;2;Knights Realty;;;;;;;
403;3034330059;71 Cooper Street;2;;;;;;;;;;2;;;;;;;;;;;;;;;;;Might be 69 Cooper also, used for parking
403;3034330019;1062 Decatur Street;;;;;;;;;;;2;;;;;;2;3;;3;;;;;;;;1062-1064, NYC DOB Work Permit
403;3034330014;1052 Decatur Street;;;;;;;;;;;2;;;;;;;;;;;;;;;;;Decatur St. COMMUNITY GARDEN
403;3034330027;1084 Decatur Street;;4;1;1;;;2;;1;2;2;;2;2;2;1;;;;;;;;;;;;Parking Garage-esque
403;3034330001;1381 Bushwick Avenue;;1;2;3;2;1;1;;;;1;;;;;;;;;;;;;;;;;For Rent. Ground floor commercial with 2 story residential on half the area.
403;3034520041;722 Central Avenue;;2;1;1;;;1;2;;;2;;2;1;;;;;;;;;;;;;;Garden.  Basement access, potentially inhabited.
403;3034570035;101 Granite Street;;3;1;1;;;2;;1;3;2;;2;2;;;;;;;;;;;;;;Destroyed concrete shack.  Open to air.
403;3034520007;740 Chauncey Street;;3;2;;;;1;2;;;2;;2;1;;;;;;;;;;;;;;Seems to be at 747 Evergreen
403;3034520008;742 Chauncey Street;;3;2;;;;;;;;2;;1;;;;;;;;;;;;;;;Seems to be at 747 Evergreen
403;3034570002;1475 Bushwick Avenue NOT 1477;;;;;;;;;;;2;;;;;;;;;;;;;;;;;CONTENTED HEART GARDEN Incorrect BBL
403;3034510007;1441 Bushwick Avenue;;;2;3;;;2;;;3;2;TJ Home Improvement General Const. Co.;1;;;;2;;;;;;;;;;;
403;3034510025;720 Chauncey Street;;;1;3;3;;;;;;2;;;;;;2;3;;;;;;;;;;NYC DOB Permit and Stop Work Order
403;3034510030;730 Chauncey Street;;2;1;3;;;2;;;2;2;;2;2;;;;;;;;;;;;;;Broken windows
403;3034620026;89 Furman Avenue;;;;1;;;;;;;2;;;;;;;;;;;1;;;;;;Industrial -> Church
403;3034510052;81 Pilling Street;;;;4;;;2;;;;2;;1;;;;2;;;;;;;;;;;NYC DOB Permit
403;3034620023;88 Granite Street;;;;;;;1;2;;;2;;;;1;;;;;;;;;;;;;
403;3034560024;30 Pilling Street;;;1;3;;;2;;;;2;;1;;;;2;;;;;;;;;;;
403;3034500056;25 Pilling Street;;2;1;3;;;1;2;;3;2;;2;2;;;;;;;;;;;;;;
403;3034560050;17 Granite Street;1;;;;;;;;;;2;;;;;;;;;;;;;;;;;Overgrown with weeds, fenced off
403;3034560045;27 Granite Street;;;;3;;;;;;;2;;1;;;;1;3;;;Kyriakos Construction;;;;;;;
403;3034680001;1885 Broadway;;5;1;3;;;1;;;;;;;;;;;;;;;;;;;;;
403;3034560036;1474 Bushwick Avenue;;;;4;;;;;;;2;;1;;;;1;4;;;Naya Development Inc.;;;;;;;
405;3034610019;30 Granite Street;2;;;;;;;;;;2;;;;;;;;;;;;;;;;;Green Thumb Space
405;3034740001;1959 Broadway;;4;1;;;;;;;;2;;;;;;;;;;;;;;;;Knights Collision Experts?;Big Empty Metal Walls
405;3034740015;18 Stewart Street;;4;;1;;;;;;;1;;;;;;;;;;;;;;;;;
405;3034720021;2060 Eastern Parkway Extension;;;;;;;;;;;2;;;;1;1;;;;;;;;;;;;School Buses
405;3034700010;1895 Broadway;;4;1;;;;;;;;2;;;;;;;;;;;;;;;;;
405;3034700003;1909 Broadway;;4;1;;;;;;;;2;;;;;1;;;;;;;;;;;;Some Empty Pavement
405;3034680048;31 De Sales Place and surroundings;1;;1;3;;;2;3;1;;2;;2;2;;;;;;;;;;;;;Our Lady of Lourdes;HUGE OLD SCHOOL
405;3034710005;1569 Bushwick Avenue;2;;;;;;;;;;2;;;;;;;;;;;;;;;;;Personal Parking Lot
405;3034710009;1559 Bushwick Avenue;;2;;;;;1;2;1;2;2;;;;;;;;;;;;;;;;;Uncertain
405;3034710030;105 Vanderveer;;;;;;;;;;;2;;;;;;;;;;;3;;3;1;;;
405;3034710028;107 Vanderveer (formerly 115);;;;;;;;;;;2;;;;;;;;;;;4;;4;1;;;Formerly Fabrizi Custom Furniture
405;3034690047;59 De Sales Place;2;;1;;;;;;;;1;917-417-4082;;;;;;;;;;;;;;;;Little lot next to 61 De Sales, in use for parking
405;3034670005;1509 Bushwick Ave and surroundings;1;;;;;;;;;;2;;;;;;;;;;;;;;;;;Flattened, Plowed, Big
405;3034660015;16 Furman Ave;;;;;;;;;;;2;;;;;;;;;;;;;;;;;Thomas Boyland PARK
405;3034690032;89 De Sales Place;2;;;;;;;;;;2;;;;;;;;;;;;;;;;;In use as parking
405;3034690037;79 De Sales Place;;2;1;2;;;2;;1;3;2;;;;;;;;;;;;;;;;;
405;3034690036;81 De Sales Place;;2;1;2;;;2;;1;3;2;;;;;;;;;;;;;;;;;
405;3034690035;83 De Sales Place;;2;1;2;;;2;;1;3;2;;;;;;;;;;;;;;;;;
405;3034660030;1508 Bushwick Avenue;;1;1;;;;;;;;2;;;;;;;;;;;;;;;;;Abandoned Delek Gas Station
405;3034690014;68 Aberdeen Street;;2;2;3;;;;;;1;2;;;;;;;;;;;;;;;;;Fire damage
405;3034690017;74 Aberdeen Street;;2;2;3;;;;;;;2;;;;;;;;;;;;;;;;;
405;3034690019;78 Aberdeen Street;;2;1;3;;;1;2;;;2;;;;;;;;;;;;;;;;;
409;3034480030;282 MOFFAT STREET;1;;;;;;;;;;;;;;;;;;;;;;;;;;;
409;3034240032;268 COVERT STREET;;;;;;;;;;;;;;;;;2;;;;STAN'S CONSTRUCTION ENTERPRISE;;;;;;;
409;3034480118;338 MOFFAT STREET;;4;2;2;;;2;;1;;1;5CRE.COM 212-366-0408;2;2;;;;;;;;;;;;;;
409;3034430040;335 MOFFAT STREET;;;;;;;;;;;;;;;1;;;;;;;;;;;;;
409;3034430137;630 IRVING AVENUE;;4;1;1;;;1;2;;1;;;;;;;;;;;;;;;;;;
409;3034430037;308 COOPER STREET;1;;;;;;;;;;;;;;;;;;;;;;;;;;;
409;3034370055;301 COOPER STREET;;2;1;3;;;2;;1;;2;;2;1;;;;;;;;;;;;;;
409;3034370057;297A COOPER STREET;;2;1;3;;;1;2;;;;;2;2;;;;;;;;;;;;;;INSPECTION NOTICE CITING VACANCY ON 9/18
409;3034370058;295A COOPER STREET;;2;1;3;;;1;2;;;;;1;2;;;;;;;;;;;;;;WORK PERMIT VIOLATION
409;3034430029;296 COOPER STREET;;;;;;;;;;;;;;;;;2;3;;;296 COOPER LLC 718-599-4489;;;;;;;
409;3034430017;278 COOPER STREET;1;;;;;;;;;;;;;;;;;;;;HUDSON MAINTENANCE CORP 718-930-8886;;;;;;;
409;3034360035;249 COOPER STREET;;;;;;;;;;;;;;;1;;;;;;;;;;;;;
409;3034360052;217 COOPER STREET;;;;;;;;;;;;;;;1;;;;;;;;;;;;;
409;3034360051;219 COOPER STREET;;;;;;;;;;;;;;;1;;;;;;;;;;;;;
409;3034360050;221 COOPER STREET;;;;;;;;;;;;;;;1;;;;;;;;;;;;;
409;3034360048;223 COOPER STREET;;;;;;;;;;;;;;;1;;;;;;;;;;;;;
409;3034360004;633 WILSON STREET;;;;;;;;;;;;;;;;;2;3;;;LLGPLBG AND HTG INC;;;;;;;
409;3034300050;1255 DECATUR STREET;;;;;;;;;;;;;;;1;;;;;;;;;;;;;
409;3034370030;1352 DECATUR STREET;;;;;;;;;;;;;;;1;;;;;;;;;;;;;
409;3034300030;862 KNICKERBOCKER AVENUE;;;;;;;;;;;;;;;;;2;3;;;862 KNICKERBOCKER LLC 1564 53rd St, Brooklyn, NY 11219;;;;;;;
409;3034300026;250 SCHAEFER STREET;;2;1;4;;;1;2;;;2;;2;2;;;;;;;;;;;;;;
409;3034300015;224 SCHAEFER STREET;;;;;;;;;;;;;;;;;2;4;;;SCHAEFER HOLDINGS LLC 5014 16 AVE #188 BROOKLYN NY 11204;;;;;;;
409;3034300014;222A SCHAEFER STREET;;2;1;4;;;2;;1;1;;;2;1;;;;;;;;;;;;;;NOTICES OF VIOLATION
409;3034240070;217 SCHAEFER STREET;;;;;;;;;;;;;;;;;2;3;;;SIMAX DEVELOPMENT GROUP LLC 718-505-1000;;;;;;;
409;3034240009;222 COVERT STREET;;2;2;3;;;2;;1;no stairs to front door;;;2;1;;;;;;;;;;;;;;
409;3034370146;618 IRVING AVENUE;;;;;;;;;;;;;;;;;1;4;;4;718-544-3784;;;;;;;
409;3034370050;COOPER STREET;;;;;;;;;;;;;;;;;1;4;;4;718-544-3784;;;;;;;
411;3034340047;127 COOPER STREET;;2;2;2;;;2;1;;;2;;2;1;;;;;;;;;;;;;;
411;3034410024;196 COOPER STREET;;;;;;;;;;;;;;;;;1;3;;;;;;;;;;
411;3034350052;165 COOPER STREET;;2;2;3;;;1;2;;;2;;;1;;;;;;;;;;;;;;
411;3034400035;676 CENTRAL AVENUE;;2;1;2;;;1;2;;;2;;2;2;;;;;;;;;;;;;;
411;3034400037;680 CENTRAL AVENUE;;2;1;2;;;1;2;;3;2;;2;2;;;;;;;;;;;;;;
411;3034400033;146 COOPER STREET;;3;2;2;1;1;2;;1;2;2;;2;2;;;;;;;;;;;;;;
411;3034400022;128 COOPER STREET;;2;1;3;;;1;2;;;2;;2;2;;;;;;;;;;;;;;
411;3034400021;126 COOPER STREET;1;;;;;;;;;;2;;2;2;;;;;;;;;;;;;;
411;3034340004;679 EVERGREEN AVENUE;1;;;;;;;;;;1;6462729658;2;2;;;;;;;;;;;;;;
411;3034280066;1111 DECATUR STREET;2;;;;;;;;;;2;;2;2;;;;;;;;;;;;;;
411;3034280059;1125 DECATUR STREET;;;;;;;;;;;;;;;;;2;3;;;;;;;;;;
411;3034340026;1150 DECATUR STREET;;2;1;3;;;2;;;;2;;2;1;;;;;;;;;;;;;;
411;3034290001;621 CENTRAL AVENUE;;3;1;3;1;2;1;2;;2;2;;2;2;;;;;;;;;;;;;;
411;3034290040;1229 DECATUR STREET;;;;;;;;;;;;;;;;;2;3;;;;;;;;;;
411;3034350028;610 WILSON AVENUE;;;;;;;;;;;;;;;;;2;4;;;;;;;;;;
411;3034470001;675 CENTRAL AVENUE;2;;;;;;;;;;;;;;;;;;;;;;;;;;;
411;3034470003;673 CENTRAL AVENUE;2;;;;;;;;;;;;;;;;;;;;;;;;;;;
411;3034470016;194 MOFFAT STREET;1;;;;;;;;;;1;corcoran.com 7187653858;2;2;;;;;;;;;;;;;;
411;3034410028;626 WILSON AVENUE;;2;2;3;;;2;;1;;2;;2;2;;;;;;;;;;;;;;
411;3034290031;596 WILSON AVENUE;;;;;;;;;;;;;;;1;;;;;;;;;;;;;
411;3034290027;192 SCHAEFER STREET;;;;;;;;;;;;;;;;;2;3;;;;;;;;;;
411;3034280035;630 CENTRAL AVENUE;;;;;;;;;;;;;;;;;2;3;1;2;;;;;;;;
411;3034280024;130 SCHAEFER STREET;;2;1;3;;;1;2;;;2;;2;2;;;;;;;;;;;;;;
411;3034460052;759 CHAUNCEY STREET;;;;;;;;;;;;;;;1;;;;;;;;;;;;;
411;3034460011;126 MOFFAT STREET;;2;1;3;;;;;1;;2;;1;2;;;;;;;;;;;;;;
413;3034220007;102 COVERT STREET;;;;;;;;;;;;;;;;;1;3;;;DAVID GETS 443-93-REALTY;;;;;;;
413;3034100021;1114 HALSEY STREET;;2;1;3;;;1;2;;;2;;2;2;;;;;;;;;;;;;;
413;3034100026;1124 HALSEY STREET;;2;1;3;;;1;3;1;;2;;2;2;;;;;;;;;;;;;;
413;3034030046;1129 HALSEY STREET;1;;;;;;;;;;;;;;;;;;;;;;;;;;;
413;3033960022;1130 HANCOCK STREET;;;;;;;;;;;;;;;;;2;3;;;;;;;;;;
413;3034220014;114 COVERT STREET;;2;1;3;;;1;2;;;;;;;;;;;;;;;;;;;;
413;3034110011;1152 HALSEY STREET;;2;1;3;;;1;2&3;;;2;;2;2;;;;;;;;;;;;;;
413;3034220015;116 COVERT STREET;1;;;;;;;;;;;;;;;;;;;;;;;;;;;
413;3034110015;1160 HALSEY STREET;;;;;;;;;;;;;;;;;1;3;;;;;;;;;;
413;3034220017;118 COVERT STREET;;2;1;2;;;1;2;;;1;718-418-DEMO DEMOLITION;2;2;;;;;;;;;;;;;;
413;3034040045;1191 HALSEY STREET;;2;1;3;;;2;;1;;2;;2;2;;;;;;;;;;;;;;
413;3034110034;1198 HALSEY STREET;;;;;;;;;;;;;;;;;1;3;;;FOR SALE 718-880-2170;;;;;;;
413;3033970024;1214 HANCOCK STREET;;;;;;;;;;;;;;;;;2;3;;;;;;;;;;
413;3033970028;1224 HANCOCK STREET;;;;;;;;;;;;;;;;;1;3;;;;;;;;;;
413;3034220021;124 COVERT STREET;;;;;;;;;;;;;;;;;1;3;;;BROOKE SAFFORD 718-422-2587;;;;;;;
413;3034220055;127 SCHAEFER STREET;;2;1;3;;;1;2&3;;;2;;2;2;;;;;;;;;;;;;;
413;3034220025;128 COVERT STREET;;;;;;;;;;;;;;;1;;;;;;;;;;;;;
413;3034100060;129 ELDERT STREET;;;;;;;;;;;;;;;;;1;3;;;;;;;;;;
413;3033220054;129 SCHAEFER STREET;2;;;;;;;;;;;;;;;;;;;;;;;;;;;PARKING
413;3034100059;131 ELDERT STREET;;2;1;3;;;1;3;2;2;2;;2;2;;;;;;;;;;;;;;
413;3034100056;137 ELDERT STREET;1;;;;;;;;;;;;;;;;;;;;;;;;;;;
413;3033960056;137 WEIRFIELD STREET;;2;1;3;;;;2;;;;;;;;;;;;;;;;;;;;
413;3034030019;140 WEIRFIELD STREET;;2;1;3;;;;3;;;;;;;;;;;;;;;;;;;;
413;3034230017;170 COVERT STREET;2;;;;;;;;;;;;;;;;;;;;;;;;;;;
413;3034110058;181 ELDERT STREET;;2;2;3;;;;;1;;2;;;;;;;;;;;;;;;;;2 UNITS OF FIRST FLOOR VACANT
413;3034230060;183 SCHAEFER STREET;;2;1;3;;;1;2&3;;2;1;212-617-000 WE BUY HOUSES LAND;1;2;;;;;;;;;;;;;;
413;3034230058;185 SCHAEFER STREET;;2;1;3;;;1;2&3;;2;1;212-617-000 WE BUY HOUSES LAND;1;2;;;;;;;;;;;;;;
413;3034230047;199 SCHAEFER STREET;2;;1;;;;;;;;;;;;;;;;;;;;;;;;;PARKING
413;3033970054;199 WEIRFIELD STREET;;;;;;;;;;;;;;;;;2;4;;;;;;;;;;
413;3033970005;505 CENTRAL AVENUE;;2;1;4;;;2;;;2;2;;2;2;;;;;;;;;;;;;;BEING REHABILITATED
413;3034230043;508 WILSON AVENUE;;2;1;4;;;1;2&3;;;;;;;;;;;;;;;;;;;;
413;3034110006;561 CENTRAL AVENUE;;1;1;1;;;1;3;;;2;MERY STEEL;1;2;;;;;;;;;;;;;;
413;3034170029;564 WILSON AVENUE;2;;;;;;;;;;;;;;;;;;;;;;;;;;;PARKING
413;3033960010;567 EVERGREEN AVENUE;;;;;;;;;;;;;;;;;1;;;;;;;;;;;
413;3034230012;587 CENTRAL AVENUE;;;;;;;;;;;;;;;;;1;3;;;;;;;;;;
413;3034230003;599 CENTRAL AVENUE;;;;;;;;;;;;;;;;;1;3;;;;;;;;;;
413;3034220012;110A COVERT STREET;1;;;;;;;;;;;;;;;;;;;;;;;;;;;
413;3034220024;COVERT STREET;;;;;;;;;;;;;;;1;;;;;;;;;;;;;
413;3034220023;COVERT STREET;;;;;;;;;;;;;;;1;;;;;;;;;;;;;
413;3034230110;588 CENTRAL AVENUE;;;;;;;;;;;;;;;;;1;3;;;;;;;;;;
413;3034230010;589 CENTRAL AVENUE;;;;;;;;;;;;;;;;;1;3;;;;;;;;;;
413;3034230009;590 CENTRAL AVENUE;;;;;;;;;;;;;;;;;1;3;;;;;;;;;;
413;3034230008;591 CENTRAL AVENUE;;;;;;;;;;;;;;;;;1;3;;;;;;;;;;
413;3034230007;592 CENTRAL AVENUE;;;;;;;;;;;;;;;;;1;3;;;;;;;;;;
413;3034230006;593 CENTRAL AVENUE;;;;;;;;;;;;;;;;;1;3;;;;;;;;;;
413;3034230005;595 CENTRAL AVENUE;;;;;;;;;;;;;;;;;1;3;;;;;;;;;;
413;3034230004;597 CENTRAL AVENUE;;;;;;;;;;;;;;;;;1;3;;;;;;;;;;
415;3033590062;1081 MADISON STREET;;2;1;3;;;1;2;2;2;2;;2;2;;;;;;;;;;;;;;
415;3033680017;1094 MADISON STREET;;;;;;;;;;;;;;;;;1;4;;;Brooklyn Capital 7185443784;;;;;;;
415;3033590043;1123 MADISON STREET;;2;1;2;;;2;;2;;2;;2;2;;;;;;;;;;;;;;
415;3033890045;1143 HANCOCK STREET;1;;;;;;;;;;;;;;;;;;;;;;;;;;;
415;3033890012;1174 JEFFERSON AVENUE;;2;2;3;;;2;;1;;2;;2;1;;;;;;;;;;;;;;
415;3033690121;1174 MADISON STREET;;2;1;2;;;1;3;;;;;;;;;;;;;;;;;;;;
415;3033820058;1189 JEFFERSON AVENUE;;2;1;3;;;2;;1;;2;;2;2;;;;;;;;;;;;;;
415;3033890030;1214 JEFFERSON AVENUE;;2;1;3;;;1;2;;;2;;1;2;;;;;;;;;;;;;;
415;3033830062;1247 JEFFERSON AVENUE;;;;;;;;;;;;;;;;;1;3;;;;;;;;;;
415;3033830061;1249 JEFFERSON AVENUE;;;;;;;;;;;;;;;;;2;3;;;;;;;;;;
415;3033900022;1270 JEFFERSON AVENUE;;2;1;3;;;2;;2;;2;;2;2;;;;;;;;;;;;;;
415;3033690051;1301 PUTNAM AVENUE;;2;2;4;;;1;2;;;2;;2;1;;;;;;;;;;;;;;
415;3033760028;1302 PUTNAM AVENUE;;;;;;;;;;;;;;;;;1;4;;;;;;;;;;
415;3033760032;1310 PUTNAM AVENUE;;2;1;3;;;1;2&3;;;2;;1;2;;;;;;;;;;;;;;
415;3033760033;1312 PUTNAM AVENUE;;;;;;;;;;;;;;;;;1;3;;;;;;;;;;
415;3033750048;147 CORNELIA STREET;;2;1;3;;;1;2;;;2;;2;2;;;;;;;;;;;;;;
415;3033830010;184 CORNELIA STREET;;;;;;;;;;;;;;;;;1;3;;;;;;;;;;
415;3033760061;189 CORNELIA STREET;;;;;;;;;;;;;;;;;1;3;;;BROKE SAFFORD;;;;;;;
415;3033830016;196 CORNELIA STREET;;2;;3;;;2;;1;;2;;2;2;;;;;;;;;;;;;;
415;3033760055;201 CORNELIA STREET;;2;1;3;;;2;;;;2;;2;2;;;;;;;;;;;;;;
415;3033830019;202 CORNELIA STREET;;2;1;3;;;2;;;;2;;2;2;;;;;;;;;;;;;;
415;3033760052;207 CORNELIA STREET;1;;;;;;;;;;;;;;;;;;;;;;;;;;;
415;3033760044;223 CORNELIA STREET;;;;;;;;;;;;;;;;;2;3;;;;;;;;;;
415;3033760043;225 CORNELIA STREET;;;;;;;;;;;;;;;;;2;3;;;;;;;;;;
415;3033760041;229 CORNELIA STREET;;;;;;;;;;;;;;;;;1;3;;;YORK EQUITIES COMP;;;;;;;
415;3033690006;431 CENTRAL AVENUE;1;;;;;;;;;;;;;;;;;;;;;;;;;;;
415;3033760036;438 WILSON AVENUE;;;;;;;;;;;;;;;;;2;4;2;1;;;;;;;;
415;3033760037;440 WILSON AVENUE;;;;;;;;;;;;;;;1;1;;;;;;;;;;;;
415;3033680032;454 CENTRAL AVENUE;1;;;;;;;;;;;;;;;;;;;;;;;;;;;
415;3033680032;454 CENTRAL AVENUE;;2;1;3;;;1;2;;2;2;;1;2;;;;;;;;;;;;;;
415;3033680033;456 CENTRAL AVENUE;;3;1;3;2;1;1;1;2;2;2;;2;2;;;;;;;;;;;;;;
415;3033680036;462 CENTRAL AVENUE;;;;;;;;;;;;;;;;;2;4;;;462 Central LLC 3472024447;;;;;;;
415;3033830003;475 CENTRAL AVENUE;2;;;;;;;;;;;;;;;;;;;;;;;;;;;PARKING
415;3033830004;477 CENTRAL AVENUE;2;;;;;;;;;;;;;;;;;;;;;;;;;;;PARKING
415;3033830001;481 CENTRAL AVENUE;2;;;;;;;;;;;;;;;;;;;;;;;;;;;PARKING
415;3033820002;541 EVERGREEN AVENUE;;;;;;;;;;;;;;;;;2;3;;;;;;;;;;
417;3033500043;135 WOODBINE STREET;;2;1;2;;;2;;1;1;2;;2;2;;;;;;;;;;;;;;
417;3033500048;125 WOODBINE STREET;;2;1;3;;;2;;1;;2;;1;2;;;;;;;;;;;;;;
417;3033500050;121 WOODBINE STREET;;;;;;;;;;;;;;;;;2;3;;;Zenco Group Inc;;;;;;;
417;3033500002;449 EVERGREEN AVENUE;;;;;;;;;;;;;;;;;1;4;;;Emma Group MGMT Inc;;;;;;;
417;3033230028;138 GROVE STREET;;;;;;;;;;;;;;;;;2;3;;;;;;;;;;
417;3033230027;136 GROVE STREET;;2;1;3;;;1;2;;;2;;2;2;;;;;;;;;;;;;;
419;3033140069;115 GROVE STREET;;;;;;;;;;;2;;;;1;;;;;;;;;;;;;
419;3033140068;117 GROVE STREET;;;;;;;;;;;2;;;;1;;;;;;;;;;;;;
419;3033140049;352 CENTRAL AVENUE;2;;;;;;;;;;2;;;;;;;;;;;;;;;;;
419;3033140044;342 CENTRAL AVENUE;1;;;;;;;;;;2;;;;;;;;;;;;;;;;;
419;3032960080;53 BLEECKER STREET;1;;;;;;;;;;2;;;;;;;;;;;;;;;;;
419;3033050016;58 BLEECKER STREET;;2;1;3;3;;1;2;;;2;;2;2;;;;;;;;;;;;;;
419;3032960077;61 BLEECKER STREET;;2;2;3;3;;2;;;;2;;;;;;;;;;;;;;;;;
419;3033050019;64 BLEECKER STREET;;;;;;;;;;;2;;;;;;1;3;;3;RIDGEWOOD BUSHWICK SENIOR CITIZENS COUNCIL (718) 366-3800/GKC INDUSTRIES INC (719) 357-8900;;;;;;;
419;3033050030;90 BLEECKER STREET;1;;;;;;;;;;2;;2;2;;;;;;;;;;;;;;
419;3033050029;88 BLEECKER STREET;1;;;;;;;;;;2;;2;2;;;;;;;;;;;;;;
419;3032960058;103 BLEECKER STREET;;;;;;;;;;;2;;;;;;1;3;;3;HERITAGE GC LLC/SHELTER ROCK BUILDERS LLC 425 NORTHERN BLVD TE 32 GREAT NECK (516) 773-7747;;;;;;;
419;3033050043;328 CENTRAL AVENUE;1;;;;;;;;;;2;;2;2;;;;;;;;;;;;;;
419;3032970047;143 BLEECKER STREET;;;;;;;;;;;2;;;;;;2;4;;4;ROY B CONSTRUCTION COMPANY;;;;;;;
419;3032850072;1171 GREENE AVENUE;;;;;;;;;;;2;;;;1;;;;;;;;;;;;;
419;3032850072;1173 GREENE AVENUE;;;;;;;;;;;2;;;;1;;;;;;;;;;;;;
419;3032960021;1178 GREENE AVENUE;1;;;;;;;;;;2;;2;2;;;;;;;;;;;;;;
419;3032960012;1160 GREENE AVENUE;;;;;;;;;;;2;;;;1;;;;;;;;;;;;;
419;3032960016;1168 GREENE AVENUE;1;;;;;;;;;;2;1164 GREENE AVE LLC 175 GREAT NECK RD GREAT NECK, NY (516) 466-8001;2;2;;;;;;;;;;;;;;
419;3032960014;1164 GREENE AVENUE;1;;;;;;;;;;2;;2;2;;;;;;;;;;;;;;
419;3032850011;313 EVERGREENE AVENUE;;;;;;;;;;;2;;;;1;;;;;;;;;;;;;
421;3032430001;257 EVERGREEN AVENUE;2;;;;;;;;;;;;;;;;;;;;;;;;;;;
421;3032540009;259 EVERGREEN AVENUE;1;;;;;;;;;;2;;;;;;;;;;;;;;;;;
421;3032430065;63 STOCKHOLM STREET;1;;;;;;;;;;2;;;;;;;;;;;;;;;;;
421;3032430062;69 STOCKHOLM STREET;;;;;;;;;;;2;;;;;;1;4;;4;BROOKLYN GC (718) 623-9430;;;;;;;
421;3032550008;205 CENTRAL AVENUE;;3;2;3;3;1;;;;;2;;2;1;;;;;;;;;;;;;;
421;3032450011;1311 MYRTLE AVENUE;;1;2;1;;1;;;;;1;(917) 406-2526;2;;;;;;;;;;;;;;;
421;3032560005;1353 MYRTLE AVENUE;;;;;;;;;;;2;;;;1;;1;4;;4;MYRTLE MANAGEMENT REALTY LLC (347) 415-6283/PARK DEVELOPERS & BUILDERS INC (718) 439-7437;;;;;;;
421;3032550016;1308 MYRTLE AVENUE;1;;;;;;;;;;2;;;;;;;;;;;;;;;;;
421;3032550017;1310 MYRTLE AVENUE;1;;;;;;;;;;2;;;;;;;;;;;;;;;;;
421;3032550025;131A STANHOPE STREET;2;;;;;;;;;;1;ZUMBA BROS. (917) 447-3284/BEST SQUAD (212) 669-7043;;;;;;;;;;;;;;;;
421;3032660029;1342 MYRTLE AVENUE;;;;;;;;;;;2;;;;;;1;3;;3;MYRTLE GROUP LLC 164 CLYMER ST BROOKLYN, (718) 388-6800/MRYD NY CORP 3041 AVE U STE 3 BROOKLYN, NY (718) 332-7332;;;;;;;
421;3032450041;139 STOCKHOLM STREET;1;;;;;;;;;;2;;;;;;;;;;;;;;;;;
421;3032450039;143 STOCKHOLM STREET;1;;;;;;;;;;2;;;;;;;;;;;;;;;;;
421;3032450035;190 WILSON AVENUE;;2;1;3;3;;1;2;;3;2;;2;2;;;;;;;;;;;;;;
421;3032450043;135 STOCKHOLM STREET;;;;;;;;;;;2;;;;1;;;;;;;;;;;;;
421;3032650031;82 STANHOPE STREET;;;;;;;;;;;2;;;;1;;;;;;;;;;;;;
421;3032650030;80 STANHOPE STREET;;;;;;;;;;;2;;;;1;;;;;;;;;;;;;
421;3032650029;78 STANHOPE STREET;;;;;;;;;;;2;;;;1;;;;;;;;;;;;;
421;3032540071;55 STANHOPE STREET;;;;;;;;;;;2;;;;;;1;5;;5;55 STANHOPE LLC/CS CONSTRUCTION GROUP (718) 599-8300 116 NOSTRAND , BROOKLYN, NY;;;;;;;
421;3032540004;267 EVERGREEN AVENUE;;2;2;2;2;;1;2;;;2;;2;2;;;;;;;;;;;;;;
421;3032650003;287 EVERGREEN AVENUE;;2;1;3;3;;1;2;;;2;;1;2;;;;;;;;;;;;;;
421;3032650004;283 EVERGREEN AVENUE;;2;1;4;4;;1;2;;;1;WE BUY HOUSES: ALBERT (917) 596-5926 & MIKE (516) 596-8206;2;2;;;;;;;;;;;;;;
421;3032750022;70 HIMROD STREET;;2;1;3;3;;1;4;;;2;;2;2;;;;;;;;;;;;;;
421;3032750023;72 HIMROD STREET;;;;;;;;;;;2;;;;;;1;5;;5;72 HIMROD RESIDENCE LLC/YS BUILDERS, 199 LEE AVE STE 777 BROOKLYN, NY;;;;;;;
421;3032750063;105 HARMAN STREET;;2;1;3;3;;;;;;2;;1;2;;;;;;;;;;;;;;
423;3032340038;1385 DE KALB AVENUE;;;;;;;;;;;;;;;1;;;;;;;;;;;;;
423;3032340004;185 CENTRAL AVENUE;;;;;;;;;;;;;;;1;;;;;;;;;;;;;POLICE DEPT PARKING
423;3032340003;187 CENTRAL AVENUE;;;;;;;;;;;;;;;1;;;;;;;;;;;;;POLICE DEPT PARKING
423;3032340002;189 CENTRAL AVENUE;;;;;;;;;;;;;;;1;;;;;;;;;;;;;POLICE DEPT PARKING
423;3032340001;191 CENTRAL AVENUE;;;;;;;;;;;;;;;1;;;;;;;;;;;;;POLICE DEPT PARKING
423;3032320047;1315 DE KALB AVENUE;1;;;;;;;;;;;;;;;;;;;;;;;;;;;NYC PARKS
423;3032320040;1276 MYRTLE AVENUE;2;;;;;;;;;;;;;;;;;;;;;;;;;;;NYC PARKS
423;3032320049;1309 DE KALB AVENUE;1;;;;;;;;;;;;;;;;;;;;;;;;;;;POLICE DEPT PARKING
423;3032320050;1307 DE KALB AVENUE;2;;;;;;;;;;;;;;;;;;;;;;;;;;;POLICE DEPT PARKING
423;3032320051;1305 DE KALB AVENUE;;;;;;;;;;;;;;;1;;;;;;;;;;;;;POLICE DEPT PARKING
423;3032320052;1303 DE KALB AVENUE;;;;;;;;;;;;;;;1;;;;;;;;;;;;;POLICE DEPT PARKING
423;3032320053;1301 DE KALB AVENUE;;;;;;;;;;;;;;;1;;;;;;;;;;;;;POLICE DEPT PARKING
423;3032320054;1299 DE KALB AVENUE;;;;;;;;;;;;;;;1;;;;;;;;;;;;;POLICE DEPT PARKING
423;3032320055;1297 DE KALB AVENUE;;;;;;;;;;;;;;;1;;;;;;;;;;;;;POLICE DEPT PARKING
423;3032320056;1295 DE KALB AVENUE;;;;;;;;;;;;;;;1;;;;;;;;;;;;;POLICE DEPT PARKING
423;3032320057;1291 DE KALB AVENUE;1;;;;;;;;;;;;;;;;;;;;;;;;;;;POLICE DEPT PARKING
423;3032320063;1277 DE KALB AVENUE;1;;;;;;;;;;;;;;;;;;;;;;;;;;;HPD
423;3032320065;1273 DE KALB AVENUE;;;;;;;;;;;;;;;;;1;4;;4;1273 DE KALB LLC 718-276-2866;;;;;;;
423;3032320071;1257 DE KALB AVENUE;2;;;;;;;;;;;;;;;;;;;;;;;;;;;
423;3032320076;1249 DE KALB AVENUE;;3;1;2;2;;1;2;;2;;;;;;;;;;;;;;;;;;MARTHA AND JORGE MOLINA
423;3032270056;45 CEDAR STREET;2;;;;;;;;;;;;;;;;;;;;;;;;;;;
423;3032270054;49 CEDAR STREET;2;;;;;;;;;;;;;;;;;;;;;;;;;;;
423;3032270043;71 CEDAR STREET;2;;;;;;;;;;;;;;;;;;;;;;;;;;;
423;3032270033;1264 MYRTLE AVENUE;;;;;;;;;;;;;;;;;1;3;;;BUILDING USA LLC;;;;;;;
423;3032160019;579 HART STREET;1;;;;;;;;;;;;;;;;;;;;;;;;;;;
423;3031960033;118 WILSON AVENUE;;;;;;;;;;;;;;;;;2;1;1;;;;;;;;;ASSEMBLY OF CHRISTIAN CHURCH
423;3031960035;120 WILSON AVENUE;;;;;;;;;;;;;;;;;2;4;;4;120 WILSON LLC;;;;;;;
423;3031960020;28 STARR STREET;;;;;;;;;;;;;;;;;1;4;;4;STARR TWO EIGHT LLC 718-395-2096;;;;;;;STOP WORK ORDER
423;3031840038;140 CENTRAL AVENUE;1;;;;;;;;;;;;;;;;;;;;;;;;;;;DONG KOOCK JUNG
423;3031840013;102 TROUTMAN STREET;1;;;;;;;;;;;;;;;;;;;;;;;;;;;102 MEWS LLC
423;3031840064;985 WILLOUGHBY AVENUE;;1;1;1;;1;2;;1;;1;OKANE CEMMERCIAL PROPERTY 718-779-1111;;;;;;;;;;;;;;;;
423;3031840060;991 WILLOUGHBY AVENUE;;;;;;;;;;;;;;;;;1;9;;9;102 MEWS LLC 718-302-9641;;;;;;;102 MEWS LLC
423;3032070013;1002 WILLOUGHBY AVENUE;;;;;;;;;;;;;;;;;1;4;;4;ROSEMARY ROSA 917-771-5202;;;;;;;
423;3032080010;1052 WILLOUGHBY AVENUE;1;;;;;;;;;;;;;;;;;;;;;;;;;;;1052 WILLOUGHBY CORP
423;3031960149;1059 WILLOUGHBY AVENUE;;1;1;1;;1;1;5;;;;;;;;;;;;;;;;;;;;IGLESIA AMOR DE DIOS CHURCH
423;3031960038;1085 WILLOUGHBY AVENUE;;;;;;;;;;;;;;;;;;;;;;5;;5;;;;SKMF ENTERPRISES LLC (DARCY'S BUILDING!!!)
423;3032080032;140 WILSON AVENUE;;;;;;;;;;;;;;;;;2;3;1;2;MYSPACE INC 1-800-416-5070;;;;;;;
423;3032180032;148 WILSON AVENUE;;3;2;3;2;1;1;5;1;;COMMERCIAL SPACE FOR RENT RAPIDNYC.COM 646-820-6399;;;;;;;;;;;;;;;;;
423;3032180025;184 SUYDAM STREET;;;;;;;;;;;;;;;;;2;4;;4;MIDDLE 175 LLC, MYBEM CORP 718-384-4846;;;;;;;
423;3032070038;164 CENTRAL AVENUE;1;;;;;;;;;;;;;;;;;;;;;;;;;;;
423;3032170003;98 SUYDAM STREET;;;;;;;;;;;;;;;;;1;4;1;3;FOR RENT 917-710-1088;;;;;;;
423;3032170053;605 HART STREET;;;;;;;;;;;;;;;1;;;;;;;;;;;;;CALVARY SPANISH PENTACOSTAL CHURCH
423;3032170052;609 HART STREET;;;;;;;;;;;;;;;1;;;;;;;;;;;;;CALVARY SPANISH PENTACOSTAL CHURCH
423;3032170051;611 HART STREET;;;;;;;;;;;;;;;1;;;;;;;;;;;;;CALVARY SPANISH PENTACOSTAL CHURCH
423;3032180001;175 CENTRAL AVENUE;;;;;;;;;;;;;;;1;;;;;;;;;;;;;
423;3032280014;654 HART STREET;;;;;;;;;;;;;;;;;1;3;1;2;LA LUZ DEL MUNDO 646-372-5723;;;;;;;
423;3032340009;177 CENTRAL AVENUE;;;;;;;;;;;;;;;1;;;;;;;;;;;;;
423;3032180046;707 HART STREET;;;;;;;;;;;;;;;;;1;5;;5;707 HART LLC 718-395-2096;;;;;;;
423;3032340029;164 WILSON AVENUE;;3;2;;2;1;;;;;NOOKLYN.COM;;;;;;;;;;;;;;;;;
423;3032340033;172 WILSON AVENUE;;;;;;;;;;;;;;;;;1;5;;5;172 WILSON LLC 718-878-6634;;;;;;;
423;3032320042;1278 MYRTLE AVENUE;1;;;;;;;;;;;;;;;;;;;;;;;;;;;
425;3031530031;43 GEORGE STREET;;4;1;2;;;1;2;1;;;;;;;;;;;;;;;;;;;
425;3031480017;114 FORREST STREET;;;;;;;;;;;;;;;;;;;;;;4;;4;;1;;
425;3031540144;83 GEORGE STREET;;;;;;;;;;;;;;;;;1;3;;;;;;;;;;
425;3031540145;81 GEORGE STREET;;;;;;;;;;;;;;;;;1;3;;;;;;;;;;
425;3031540146;79 GEORGE STREET;;;;;;;;;;;;;;;;;1;3;;;;;;;;;;
425;3031540147;77 GEORGE STREET;;;;;;;;;;;;;;;;;1;3;;;;;;;;;;
425;3031540149;73 GEORGE STREET;;;;;;;;;;;;;;;;;1;3;;;;;;;;;;
425;3031540148; 75 GEORGE STREET;;;;;;;;;;;;;;;;;1;3;;;;;;;;;;
425;3031540143;85 GEORGE STREET;;;;;;;;;;;;;;;;;1;3;;;;;;;;;;
425;3031540152;67 GEORGE STREET;;;;;;;;;;;;;;;;;1;3;;;;;;;;;;
425;3031540151;69 GEORGE STREET;;;;;;;;;;;;;;;;;1;3;;;;;;;;;;
425;3031540150;71 GEORGE STREET;;;;;;;;;;;;;;;;;1;3;;;;;;;;;;
425;3031570015;76 GEORGE STREET;;;;;;;;;;;;;;;;;1;4;;;;;;;;;;
425;3031570101;63 CENTRAL AVENUE;;;;;;;;;;;;;;;;;1;7;;;;;;;;;;
425;3031570052;239 MELROSE STREET;;;;;;;;;;;;;;;;;1;4;;;;;;;;;;
425;3031570043;263 MELROSE STREET;;;;;;;;;;;;;;;;;1;4;;;;;;;;;;
425;3031570042;265 MELROSE STREET;;2;1;4;;;1;3;1;2;2;;;;;;;;;;;;;;;;;
425;3031640008;67 CENTRAL AVENUE;;1;1;3;;;1;3;2;2;2;;;;;;;;;;;;;;;;;
427;3031740147;225 TROUTMAN STREET;;;;;;;;;;;;;;;;;1;4;;;;;;;;;;
427;3031540036;28 WILSON AVENUE;1;;;;;;;;;;;;;;;;1;4;;;;;;;;;;
427;3031490006;1010 FLUSHING AVENUE ;1;;;;;;;;;;;DONG AND TANG INC.;1;1;;;1;2;;;;;;;;;;
427;3031590043;389 MELROSE STREET;1;;;;;;;;;;;;;1;;;;;;;;;;;;;;
427;3031660021;418 MELROSE STREET;1;;;;;;;;;;;;;1;;;1;5;;;;;;;;;;
427;3031660006;173 KNICKERBOCKER AVENUE;1;;;;;;;;;;;173 KNICKERBOCKER AVENUE LLC;1;2;;;1;5;;;;;;;;;;
427;3032460030;348 KNICKERBOCKER AVENUE;1;;;;;;;;;;;173 KNICKERBOCKER AVENUE LLC;;;;;1;5;;;;;;;;;;
427;3032360005;323 MELROSE STREET;2;;;;;;;;;;;;;;;;1;4;;;;;;;;;;
427;3031650015;324 MELROSE STREET ;2;;;;;;;;;;;;;;;;1;4;;;;;;;;;;
427;3018330031;246 JEFFERSON STREET;2;;;;;;;;;;;;;;;;1;4;;;;;;;;;;
427;3031580047;319 MELROSE STREET;1;;;;;;;;;;;319 MELROSE LLC;1;;;;1;4;;;;;;;;;;
427;3018280056;259 JEFFERSON STREET;1;;;;;;;;;;;;;;;;1;4;;;;;;;;;;
427;3031740007;71 WILSON AVENUE;1;;;;;;;;;;;;;;;;1;4;;;;;;;;;;
427;3018290067;295 JEFFERSON STREET;1;;;;;;;;;;;;;;;;1;4;;;;;;;;;;
427;3018290066;297 JEFFERSON STREET;;;;;;;;;;;;;;;;;1;5;;;;;;;;;;
427;3018290064;301 JEFFERSON STREET;2;;;;;;;;;;;FORMAL COMMUNITY GARDEN;;;;;;;;;;;;;;;;
427;3018340002;274 JEFFERSON STREET;1;;;;;;;;;;;;;;;;1;4;;;;;;;;;;
427;3018290061;307 JEFFERSON STREET;;2;1;4;;;1;3;2;3;;;2;2;;;;;;;;;;;;;;
427;3018290053;321 JEFFERSON STREET;2;;;;;;;;;;;FORMAL COMMUNITY GARDEN;;;;;;;;;;;;;;;;
427;3018290052;323 JEFFERSON STREET;2;;;;;;;;;;;FORMAL COMMUNITY GARDEN;;;;;;;;;;;;;;;;
427;3031870026;318 TROUTMAN STREET;1;;;;;;;;;;;;;;;;1;3;;;;;;;;;;
427;3031750039;315 TROUTMAN STREET;1;;;;;;;;;;;;;;;;1;5;;;;;;;;;;
427;3031870024;314 TROUTMAN STREET;;2;2;4;;;;;;3;1;;2;1;;;;;;;;;;;;;;
427;3031750045;299 TROUTMAN STREET;;2;1;;;;1;3;2;;;;2;1;;;;;;;;;;;;;;
427;3031860021;240 TROUTMAN STREET;1;;1;;;;;;;;1;TROUTMAN STREET RESIDENCE LLC;1;2;;;;;;;;;;;;;;
427;3031870047;151 STARR STREET;1;;;;;;;;;;;;2;2;;;;;;;;;;;;;;
427;3031860002;105 WILSON AVENUE ;;3;;;;;;;;;;;;;;;;;;;;;;;;;;
429;3032350022;788 Hart Street;;2;1;3;;;1;2;1;;1;J.B. & Associate Real Estate 718-821-4300;1;;;;;;;;;;;;;;;
429;3032090036;245 Suydam;;;;4;;;;;;;;;1;;;;1;4;;4;Hong Kong Style Construction 718-360-3155;;;;;;;
429;3032190044;773 Hart Street;;2;1;3;;;1;2;;;;For access please call 646-260-8535;;;;;;;;;;;;;;;;For access please call 646-260-8535, NYC DOB Work Permit, stop work order
429;3032350023;792 Hart Street;;2;1;3;;;;;;;;;;;;;;;;;;;;;;;;NYC DOB Work Permit
429;3032200002;307 Knickerbocker Avenue;;3;2;4;3;1;;;;;;Antonio Ambrosino Const. Corp.;1;;;;;;;;;;;;;;;NYC DOB Work Permit
429;3032200033;887 Hart Street;;;;;;1;;;;;;;;;;;2;;1;;E+J All Seasons Contruction;;;;;;;NYC DOB Work Permit Store conversion to eat/drink establishment
429;3032090012;1116 Willoughby Avenue;;;1;3;;;;;;;;;1;;;;2;;;3;Ridgewood-Bushwick Senior Citizens Council;;;;;;;
429;3032090014;1120 Willoughby Avenue;;3;1;3;2;1;1;3;;;1;646-543-1559;;;;;;;;;;;;;;;;
429;3032090011;1114 Willoughby Avenue;;2;2;3;;;;;;;;;;;;;;;;;;;;;;;;NYC DOB Work Permit, x on windows
429;3032200005;276 Suydam Street;;;;;;;;;;;;;;;;;2;4;;4;;;;;1;;;Actually 299 Knickerbocker with new front on Suydam 293-299 Knickerbocker LLC
429;3032200028;316 Suydam Street;;;1;3;;;;;;;;;;;;;2;3;;;K+C Brothers Construction;;;;;;;NYC DOB Work Permit
429;3032200053;829 Hart Street;2;;;;;;;;;;;;;;;;;;;;;;;;;;;In use as Parking Lot
429;3032360001;335 Knickerbocker Street;;1;2;;;4;;;;;1;718-344-3543;;;;;;;;;;;;;;;;Actually 331 Knickerbocker and 1471 Dekalb Ground Floor is Happy Days
429;3032460028;342 Knickerbocker Street;;3;2;3;2;1;1;5;;;;;;;;;;;;;;;;;;;;Covered in white plastic
429;3032360038;1535 Dekalb Avenue;;3;2;4;3;1;;;1;;1;KMTM Corp 646-287-6002;;;;;;;;;;;;;;;;
429;3032470050;241 Stockholm Street;;2;2;3;;;;;;;;;;;;;;;;;;;;;;;;NYC DOB Work Permit
429;3032190003;157 Wilson Avenue;;2;2;3;;;;;1;;;;;;;;;;;;;;;;;;;NYC DOB Work Permit, only one apartment vacant
429;3032190005;153 Wilson Avenue;;3;2;3;2;1;1;2;1;;;;1;;;;;;;;;;;;;;;NYC DOB Work Permit, stop rescind order, over hair salon
429;3032350042;1433 Dekalb Avenue;;;;9;;;;;;;;;;;;;1;9;;;Dekalb Plaza LLC 1437 Dekalb;;;;;;;
429;3032460022;1436 Dekalb Avenue;;;2;4;4;;;;;;1;1436 Dekalb LLC;1;;;;2;;;;;;;;;;;NYC DOB Work Permit
429;3032460038;195 Stockholm Street;;;1;3;;;1;2;;;;;1;;;;2;3;;;Ridgewood-Bushwick Senior Citizens Council;;;;;;;
429;3032460043;171-175 Stockholm Street;;;2;3;;;;;;;;;;;;;;;;;;3;;3;;;The Tea Factory;
429;3032350003;171 Wilson Avenue;;;1;3;2;1;1;2;;;;;1;;;;2;;;;;3;1;2;;;3 Gloves Construction;Wilson Avenue Pentecostal
429;3032357503;1453 Dekalb/318 Knickerbocker;;;;;;;;;;;;;;;1;;;;;;;;;;;;;No BBL for 1453 Dekalb, it's in the back of 318 knickerbocker
429;3032460013;1418 Dekalb Avenue;;2;1;3;3;;1;2;;2;;;;;;;;;;;;;;;;;;"""Keep Out"""
429;3032460012;1416 Dekalb Avenue;;2;2;3;;;;;;;;;;;;;;;;;;;;;;;;Only one apartment vacant
429;3032460002;191 Wilson Avenue;;3;2;3;2;1;1;2;;;1;Myspace, Nooklyn;;;;;;;;;;;;;;;;
431;3032570002;207 WILSON AVENUE;1;;;;;;;;;;;;;;;;;;;;;;;;;;;
431;3032580040;261 STANHOPE STREET;;;;;;;;;;;;;;;;;2;;;3;Atweek Inc.;;;;;;;
431;3032580003;375 KNICKERBOCKER AVENUE;;3;2;3;1;2;1;2;;;1;;2;2;;;;;;;;;;;;;;
431;3032690041;255 HIMROD STREET;;2;1;3;2;;2;;;;;;1;2;;;;;;;;;;;;;;evidence of permits
431;3032780026;410 KNICKERBOCKER AVENUE;;3;1;;4;3;1;2;;;;;1;2;;;;;;;;;;;;;;
431;3032780023;220 HIMROD STREET;;2;1;3;;;1;2;;;2;;1;2;;;;;;;;;;;;;;
431;3032780017;208 HIMROD STREET;2;;;;;;;;;;;;;;;;;;;;;;;;;;;Rented out for vehicle storage
431;3032870036;1295 GREEN AVENUE;1;;;;;;;;;;1;;2;;;;;;;;;;;;;;;"Totally empty, gated & locked with a chain, ""Do not Block Driveway"""
431;3032870040;1285 GREEN AVENUE;;2;;;;;;;;;;;;;;;1;;;;GKC Industries & NYC Work Permit Department buildings;;;;;;;
431;3032870039;1287 GREEN AVENUE;;1;;;;;;;;;;;;;;;2;4;;;NYC Permit Department ofBuilding;;;;;;;
431;3032870033;1301 GREEN AVENUE;1;;;;;;;;;;1;718-452-4105;;;;;;;;;;;;;;;;
431;3032870032;1303 GREEN AVENUE;;;1;2;;;;1;;;2;;2;1;;;;;;;;;;;;;;Curtains, front doors and windows are gated
431;3032870030;1305 GREEN AVENUE;;2;1;2;;;1;;;2;2;;2;1;;;;;;;;;;;;;;
431;3032890039;1361 GREEN AVENUE;;;;;;;;;;;;;;;;;2;3;;;;;;;;;;
431;3032890003;439 KNICKERBOCKER AVENUE;;1;2;3;;;1;2;;;;;1;;;;;;;;Ambrosino Construction, Spring Scaffolding;;;;;;;2nd and 3rd Floor Boarded up
433;3033090017;286 BLEECKER STREET;;;;;;;;;;;;;;;;;2;3;;;;;;;;;;
433;3033090019;290 BLEECKER STREET;;2;1;2;;;1;2;;3;2;;2;2;;;;;;;;;;;;;;
433;3033180014;276 IRVING AVENUE;;;;;;;;;;;;;;;;;2;4;;;;;;;;;;
433;3033350039;1493 GATES AVENUE;;;;;;;;;;;;;;;;;2;3;;;;;;;;;;
435;3033780042;440 IRVING STREET;;3;1;3;2;1;2;;1;;2;;2;2;;;;;;;;;;;;;;
435;3033650100;657 KNICKERBOCKER AVENUE;;2;2;3;;;2;;1;;1;YOUR PROPERTY IS WORTH MORE THAN YOU THINK;2;2;;;;;;;;;;;;;;
435;3033520055;237 WOODBINE STREET;;2;1;3;;;1;5;;;2;;2;2;;;;;;;;;;;;;;
435;3033520041;265 WOODBINE STREET;;2;1;3;;;2;;1;3;2;;2;1;;;;;;;;;;;;;;
435;3033610035;1283 MADISON STREET;;2;2;3;;;2;;1;;2;;2;2;;;;;;;;;;;;;;
435;3033610042;1261 MADISON STREET;;;;;;;;;;;;;;;;;2;3;;;N Y C CONSTRUCTON PERMIT;;;;;;;
435;3033840060;1319 JEFFERSON AVENUE;;2;1;3;;;1;2;;;2;;2;2;;;;;;;;;;;;;;
435;3033760135;461 WILSON AVENUE;;3;2;3;2;1;1;5;1;;2;;2;2;;;;;;;;;;;;;;
435;3033780005;675 KNICKERBOCKER AVENUE;;2;1;3;;;2;;1;;1;SALE BY JOHANNA FERNANDEZ #7185814838;2;2;;;;;;;;;;;;;;
435;3033770022;1366 PUTNAM AVENUE;;2;1;3;;;1;2;;;2;;2;2;;;;;;;;;;;;;;
435;3033700006;436 WILSON AVENUE;2;;;;;;;;;;;;;;;;;;;;;;;;;;;
435;3033700008;431 WILSON AVENUE;;3;2;3;;;1;2;;;1;WE BUY HOUSES #718949555;2;2;;;;;;;;;;;;;;
435;3033520011;236 PALMETTO STREET;;2;1;2;;;1;2;;3;1;WE BUY HOUSES AND LAND CASH CLOSING IN 5 DAYS #7189495555;2;2;;;;;;;;;;;;;;
435;3033850042;454 IRVING AVENUE;;2;1;3;;;1;2;;;2;;2;2;;;;;;;;;;;;;;
435;3033700037;1286 MADISON STREET;;2;1;3;;;1;3;;;2;;2;2;;;;;;;;;;;;;;
435;3033770032;1390 PUTNAM AVENUE;2;;;;;;;;;;;;;;;;;;;;;;;;;;;
435;3033700024;1260 MADISON STREET;2;;;;;;;;;;;;;;;;;;;;;;;;;;;
435;3033700025;1262 MADISON STREET;2;;;;;;;;;;;;;;;;;;;;;;;;;;;
435;3033700026;1264 MADISON STREET;2;;;;;;;;;;;;;;;;;;;;;;;;;;;
435;3033700023;1258 MADISON STREET;2;;;;;;;;;;;;;;;;;;;;;;;;;;;
435;3033700016;1242 MADISON STREET;1;;;;;;;;;;;;;;;;;;;;;;;;;;;
435;3034130063;315 ELDERT STREET ;1;;;;;;;;;;;;;;;;;;;;;;;;;;;
437;3033990039;490 IRVING AVENUE;;2;1;3;;;1;2;;3;1;WE BUY HOUSES AND LAND ;2;2;;;;;;;;;;;;;;
437;3034120017;1228 HALSEY STREET;;2;1;4;;;1;2;;;2;;2;2;;;;;;;;;;;;;;
437;3034120048;273 ELDERT STREET;;2;1;3;;;2;;;;2;;2;2;;;;;;;;;;;;;;
437;3034120047;275 ELDERT STREET;;2;1;3;;;1;2;;;2;;2;2;;;;;;;;;;;;;;
437;3034120042;283 ELDERT STREET;;;;;;;;;;;;;;;;;1;4;;4;UNIQUE SECURITY AND CONTRACTING # 3477412802;;;;;;;
437;3034190009;300 ELDERT AND KNICKERBOCKER ;;;;;;;;;;;;;;;;;1;4;;4;;;;;;;;
437;3034130005;803 KNICKERBOCKER AND ELDERT;;;;;;;;;;;;;;;;;1;5;1;4;;;;;;;;
437;3034180128;294 ELDERT AND KNICKERBOCKER ;;2;1;3;;;1;2;2;3;2;;2;2;;;;;;;;;;;;;;
437;3034190029;342 ELDERT AND IRVING ;;;;;;;;;;;;;;;;;2;4;;4;;;;;;;;
437;3034130041;345 ELDERT IRVING ;;;;;;;;;;;;;;;;;;;;;;4;;;1;;;
437;3034190028;340 ELDERT STREET ;;;;;;;;;;;;;;;;;1;3;;3;;;;;;;;
437;3034130059;321 ELDERT STREET;;2;1;2;;;1;3;;;1;;2;2;;;;;;;;;;;;;;
437;3034180034;820 KNOCKERBOKER AVENUE ;;;;;;;;;;;;;;;;;1;4;;4;;;;;;;;
437;3034190048;329 COVERT STREET ;;2;1;2;;;1;5;;2;2;;2;2;;;;;;;;;;;;;;
437;3033910031;720 KNICKERBOKER AVENUE;;2;1;4;;;2;;;2;2;;2;2;;;;;;;;;;;;;;
437;3033920004;727 KNICKERBOKER EVENUE;;2;1;4;;;1;2;;;1;WE BUY HOUSES;2;2;;;;;;;;;;;;;;
437;3033910037;728 KNICKERBOKER AVENUE;;3;2;3;2;1;2;;1;;1;;2;2;;;;;;;;;;;;;;
437;3033980055;263 WEIRFIELD STREET ;;;;;;;;;;;;;;;;;2;3;;3;NYC CONSTRUCTION PERMIT;;;;;;;
437;3033910049;1271 HANCOCK STREET ;;2;1;3;;;2;;1;3;2;;2;2;;;;;;;;;;;;;;
437;3033910043;1283 HANCOCK STREET ;;2;1;3;;;2;;1;;2;NYC WORK PERMIT DEPARTMENT OF BUILDINGS;2;2;;;;;;;;;;;;;;
437;3033990018;1340 HANCOCK STREET ;;2;1;4;;;2;;1;2;1;HOME IMPROVEMENT FLYERS;2;2;;;;;;;;;;;;;;
437;3033990021;1346 HANCOCK STREET ;;;;;;;;;;;;;;;;;2;4;;4;NYC PERMIT;;;;;;;
437;3033920057;1351 HANCOCK STREET ;;;;;;;;;;;;;;;;;2;4;;4;;;;;;;;
437;3033920054;1359 HANCOCK STREET ;;;;;;;;;;;;;;;;;2;4;;4;NYC PERMIT;;;;;;;
437;3033990028;1364 HANCOCK STREET;;2;1;3;;;1;5;;;1;;2;2;;;;;;;;;;;;;;
437;3034190024;332 ELDERT STREET;1;;;;;;;;;;;;;;;;;;;;;;;;;;;
437;3034120027;1248 HALSEY STREET;2;;;;;;;;;;;;;;;;;;;;;;;;;;;
437;3034190017;316 ELDERT STREET;;2;1;3;;;1;1;;1;2;;2;2;;;;;;;;;;;;;;
439;3033380003;313 WYCKOFF AVENUE;;3;1;2;1;1;1;4;;2;2;2;2;2;;;;;;;;;;;;;;
439;3033380033;300 SAINT NICHOLAS;;2;1;2;;;2;;1;3; ;HOME REPAIR FLYER #718846220, ENRICO WE BUY HOUSES AND LAND ANY CONDITION #9176874641;1;2;;;;;;;;;;;;;;
439;3033370031;1551 GATES AVENUE;;;;;;;;;;;;;;;;;2;3;;;SPRING SCAFFOLDING LLC #7183924921;;;;;;;
439;3033360017;1524 MYRTLE AVENUE;;3;1;3;2;1;1;3;;3;1;A R V REALITY CALL ANTONY #6467724902;2;2;;;;;;;;;;;;;;
439;3033530005;358 PALMETTO STREET;;2;1;2;;;1;2;;3;2;;2;2;;;;;;;;;;;;;;
439;3033450048;365 PALMETTO STREET;;;;;;;;;;;;;;;;;2;2;;;N Y C WORK PERMIT PAPER;;;;;;;
439;3033540003;13 RIDGEWOOD PLACE;;2;1;2;;;2;;1;;;HOUSES AND LAND WANTED #9176874641;;;;;;;;;;;;;;;;
439;3033630032;1381 MIDISON STREET;;2;1;3;;;2;5;1;3;2;;2;2;;;;;;;;;;;;;;
439;3033630026;1391 MADISON STREET;;;;;;;;;;;;;;;;;2;2;;;N Y C BUILDING CONSTRUCTION PERMIT;;;;;;;
439;3033860004;443 IRVING AVENUE;;2;1;3;;;2;;1;;2;;2;2;;;;;;;;;;;;;;
439;3033860010;366 CORNELIA STREET AND IRVING STREET;;3;2;3;2;1;2;;1;;1;COMMERCIAL SPACE AVAILABLE KALOSHI REAL ESTATE #7182075200;;;;;;;;;;;;;;;;
439;3033930027;1405 HANCOCK STREET;;2;1;3;;;1;5;;3;2;;2;2;;;;;;;;;;;;;;
439;3034000054;932 WYCKOFF AVENUE;2;;;;;;;;;;;;;;;;;;;;;;;;;;;
439;3033790031;156 PUTNAM AVENUE;;;;;;;;;;;;;;;1;;;;;;;;;;;;;
439;3033790029;PUTNAM AVENUE;2;;;;;;;;;;;;;;;;;;;;;;;;;;;
439;3033860041;406 CORNELIA STREET ;2;;;;;;;;;;;;;;;;;;;;;;;;;;;
439;3033830036;1504 JEFFERSON AVENUE;2;;;;;;;;;;;;;;;;;;;;;;;;;;;
439;3034000035;1438 HANCOCK STREET;2;;;;;;;;;;;;;;;;;;;;;;;;;;;
439;3034070027;380 WEIRFIELD STREET;2;;;;;;;;;;;;;;;;;;;;;;;;;;;
439;3034130100;HASLEY STREET;2;;;;;;;;;;;;;;;;;;;;;;;;;;;
439;3033540001;17 RIDGEWOOD PLACE ;;;;;;;;;;;;;;;1;;;;;;;;;;;;;
439;3033540008;3 RIDGEWOOD PLACE ;1;;;;;;;;;;;;;;;;;;;;;;;;;;;
439;3033450006;333 IRVING AVENUE;1;;;;;;;;;;;;;;;;;;;;;;;;;;;
439;3033360023;1537 GATES AVENUE;2;;;;;;;;;;;;;;;;;;;;;;;;;;;
439;3033360027;GATES AVENUE;2;;;;;;;;;;;;;;;;;;;;;;;;;;;
439;3033360026;1513 GATES AVENUE;2;;;;;;;;;;;;;;;;;;;;;;;;;;;
441;3033110005;253 WYCKOFF AVENUE;;2;1;3;;;2;;1;;2;N Y C DEPARTMENT OF INSPECTION;2;2;;;;;;;;;;;;;;
441;3033200039;423 GROVE STREET;;2;1;3;;;2;;1;;2;;2;2;;;;;;;;;;;;;;
441;3033200018;362 MENAHAN STREET;;2;1;3;;;1;5;;3;1;MOVING SERVICES FLYERS;2;2;;;;;;;;;;;;;;
441;3033110035;260 SAINT NICHOLAS;;3;2;3;2;1;2;;1;3;2;;2;2;;;;;;;;;;;;;;
441;3033200001;279 WYCKOFF AVENUE;;;;;;;;;;;;;;;;;2;3;1;2;JOSEPH D ADAGO LICENCED ASSOCIATES BROKER APPARTMENTS AND LOTS .COM;;;;;;;
441;3033200010;263 WYCKOFF AVENUE;;3;2;3;2;1;1;5;2;;2;CEASERS MOVING SERVICES;2;2;;;;;;;;;;;;;;
441;3033290001;299 WYCKOFF AVENUE;;;;;;;;;;;;;;;;;2;3;1;2;RIDGEWOOD BUSHWICK SENIOR CITIZENS COUNCIL #7183663800;;;;;;;
441;3033200023;372 MENAHAN STREET;;2;1;2;;;2;;;3;2;;2;2;;;;;;;;;;;;;;
441;3034350157;155 GREENE AVENUE;;2;;3;;;2;;1;;1;FOR SALE WINZON REALITY INK #7188863200;2;2;;;;;;;;;;;;;;
441;3033190042;377 GROVE STREET;;2;1;3;;;1;2;;3;2;;2;2;;;;;;;;;;;;;;
441;3033287501;358 GROVE STREET;;;;;;;;;;;;;;;;;1;13;;;;;;;;;;
441;3033190025;322 MENAHAN STREET;;;;;;;;;;;;;;;1;;;;;;;;;;;;;
441;3033190027;326 MENAHAN STREET;;;;;;;;;;;;;;;;;2;2;1;1;;;;;;;;
441;3033100021;330 BLEEKER STREET;;;;;;;;;;;;;;;;;1;5;;5;OWNER 330 BLEEKER LLC # 9176733156;;;;;;;
441;3033010017;1436 GREENE AVENUE;;;;;;;;;;;;;;;;;2;4;;4;MIKEN GROUP CORP.;;;;;;;
441;3033010023;1448 GREENE AVENUE;;;;;;;;;;;;;;;;;2;3;;3;;;;;;;;
441;3033200007;267 WYCKOFF AVENUE;2;;;;;;;;;;;;;;;;;;;;;;;;;;;
441;3033200006;269 WYCKOFF AVENUE;2;;;;;;;;;;;;;;;;;;;;;;;;;;;
441;3033200005;271 WYCKOFF AVENUE;2;;;;;;;;;;;;;;;;;;;;;;;;;;;
443;3032590049;303 STANHOPE STREET;;2;;;;;;;;;;;;;;;1;4;;;Bryan Anderson, Focus Construction Group;;;;;;;
443;3032590010;290 STOCKHOLM STREET;;2;2;3;;;2;;;;;;1;;;;;;;;;;;;;;;NYC Department of Building Work Permit. Broken windows, wires hanging, windows open, entrance is chained 
443;3032590011;296 STOCKHOLM STREET;2;;;;;;;;;;;;;;;;;;;;;;;;;;;Looks like someone uses this space to park their car, but there is lots of other junk inside
443;3032590008;171 IRVING AVENUE;;2;1;2;;;1;2;;2;2;2;;2;;;;;;;;;;;;;;
443;3032700037;142 WYCKOFF AVENUE;;2;1;;;;;;;;;;;;;;2;;;4;Friedrich;;;;;;;
443;3032710047;377 HIMROD STREET;;2;;3;;;2;;2;;1;Apri Jet Reality Corp. 718-388-2186;2;2;;;;;;;;;;;;;;
443;3032710012;346 STANHOPE STREET;;2;;3;;;2;2;;;1;Corcoran Group Real Estate (718 422 2587);;;1;;;;;;;;;;;;;"""Wycoff Parking INC. $12 all day Parking"""
443;3032700024;343 HIMROD STREET;2;;;;;;;;;;;;;;;;;;;;;;;;;;;
443;3032800021;330 HIMROD STREET;1;4;1;4;;;1;2;;;2;;2;2;;;;;;;;;;;;;;"""330 Security Bag Co. Inc"" (sign on building)"
443;3032800031;146 WYCKOFF AVENUE;1;;;;;;;;;;1;NYC Work Permit Department Building-Issued to Moses Ostreicher (Business: Power Framing Structure);;;;;;;;;;;;;;;;
443;3032800008;203 IRVING AVENUE;;3;2;3;2;1;1;5;;;1;"Medical Professional Retail: For Rent, Buy, Owner"" 718 381 4333";;;;;;;;;;;;;;;;
443;3032700054;285 HIMROD STREET;;2;1;3;;;1;2;;3;1;"NYC Work Permit Department of Buildings"" & ""NYC: Stop Work Order""";1;2;;;;;;;;;;;;;;
443;3032810014;374 HARMAN STREET;;2;;;;;;;;;;;;;;;2;4;;;Zenco Group Corp;;;;;;;
443;3032800054;373 HARMAN STREET;2;;;;;;;;;;1;"""For Sale By Owner: 12,500 Square Feet"" (#:516 779 1106)";;;1;;;;;;;;;;;;;
443;3032710018;360 STANHOPE STREET;2;;;;;;;;;;;;;;1;;;;;;;;;;;;;"""Private Property"" Sign. Parking lot across the street from the hospital"
443;3032900010;362 Harman St;1;;;;;;;;;;;;;;;;;;;;Owner: Allan Home Improvement;;;;;;;
443;3032710050;HIMROD STREET;1;;;;;;;;;;;;;;;;;;;;Owner: Teresa Graffagnino;;;;;;;
445;3032100022;1282 Willoughby Avenue;;;;;;;;;;;;;;;1;;;;;;;;;;;;;Parking and Trucking for factory on other side
445;3032110017;1344 Willoughby Avenue;;;1;3;;;;;;;1;;;;;;2;3;;;Ridgewood Bushwick Senior Citizens Council;;;;;;;NYC DOB Work Permit
445;3032100031;52 Wyckoff Avenue;;;;;;;;;;;;;;;1;;;;;;;;;;;;;FILCO Carting, Parking
445;3032370022;936 Hart Street;;;;;;;;;;;;;;;1;;;;;;;;;;;;;"""Public Parking"""
445;3032100048;371 Suydam;;;;;;;;;;;;;;;1;;;;;;;;;;;;;
445;3032100051;349 Suydam;;;;4;;;;;;;;;;;;;;;;;;4;;4;1;1;718-834-0770 getz.cdi@verizon.net;
445;3032370016;918 Hart Street;;;;2;2;;;;;;;;;;;;2;;;2;;;;;;2;;
445;3032220001;97 Wyckoff Avenue;;;2;;;;;;;;;;;;;;;;;;;4;;;;1;5 Boroughs Commercial Real Estate;
445;3032230002;97 St Nicholas Avenue;1;;2;;;;;;;;;;;;;;;;;;;;;;;;;Sideyard? partly paved partly green
445;3032230001;99 St Nicholas Avenue;;3;1;2;1;1;;;;;1;tom@uscraneriggingllc.com;;;;;;;;;;;;;;;;New York Hoist?
445;3032390003;115 St Nicholas Avenue;;2;2;3;2;1;;;1;;;;1;;;;;;;;;;;;;;;LAA permit, LMA permit, DOB St Nicholas Medical x on windows
445;3032370049;1585 Dekalb Avenue;;;;;;;;;;;;;;;1;;;;;;;;;;;;;Lai shung kwok revocable trust
445;3032480022;1600 Dekalb Avenue;;;;;;;;;;;;;;;1;;;;;;;;;;;;;1600 Dekalb Associate Inc
445;3032370027;950 Hart Street;;;;3;;;;;;;;;;;;;;;;;;3;;3;1;1;Corcoran Group Real Estate 212-941-2546;
445;3032210031;70 Wyckoff Street;;;;4;;;;;;;;;1;;;;;;;;;4;;4;1;;;scaffolding
445;3032370041;1609 Dekalb Avenue;;;;3;;;;;;;1;718-386-3666 917-304-3955;;;;;;;;;;3;;3;;1;MELA BURHAN 718-386-3666 917-304-3955;might be 1615, no BBL
445;3032480017;1578 Dekalb Avenue;2;;;;;;;;;;;;;;;;;;;;;;;;;;;In use for Parking
445;3032480012;1562 Dekalb Avenue;;;;1;;;1;3;;;;;;1;1;1;;;;;;;;;;;;Radmila Rajkov
445;3032370051;1581 Dekalb Avenue;;;;1;;;;;;;;;;;;;;;;;;1;;;;;Brooklyn Bow Wow;1327 Greene Avenue LLC
445;3032480055;295 Stockholm Street;;;1;3;;;;;;;;;1;;;;1;;;;Gagliard Consulting Corp;;;;;;;NYC DOB Work Permit
445;3032480011;1560 Dekalb Avenue;;;1;3;;;;;;;;;1;;;;2;;;3;Ridgewood Bushwick Senior Citizens Council;;;;;;;
445;3032480051;303 Stockholm Street;;1;1;1;;1;1;2;;;;;2;2;;;;;;;;;;;;;;
445;3032490012;1638 Dekalb Avenue;;;;;;;;;;;;;;;1;1;;;;;;;;;;;;
445;3032480007;1556 Dekalb Avenue;;1;;1;;;;;1;2;;;;;;;;;;;;;;;;;;Old Imperial Theater Imperial 1544 LLC
447;3031770001;19 Wyckoff Avenue;;4;1;1;;;1;1;;3;2;;1;;;;;;;;;;;;;;;NYC DOB Work Permit
447;3031780030;449 Troutman Street;;;;1;;;;;;;;;;;;;2;;;;Montana Trail Housecompleted by now;;;;;;;
447;3031760044;385 Troutman Street;;;;;;;;;;;2;;;;;;;;;;;4;4;;;;;BushBurg
447;3031780030;449-465 Troutman Street;;;1;;;;;;;;1;CRI FASI Real Estate;;;;;2;4;1;3;CRI FASI Real Estate;;;;;;;
447;3031760052;370-371 Troutman Street;;;;;;;;;;;;;;;2;1;;;;;;;;;;;;370 empty and clean 371 parking and trash
447;3031760023;390-396 Jefferson Street;;;;;;;;;;;;;;;1;;;;;;;;;;;;;Storage, Garbage, Parking
447;3032010014;330 Starr Street;;;1;3;;;;;;;;;;;;;2;;;;;;;;;;;NYC DOB Work Permit, Noise Variance, Late Hours Permit
447;3031780020;476 Jefferson Street;;2;;;;;;;;;1;;;;;;;;;;;4;;;;;;Nooklyn.com
447;3032010011;326 Starr Street;;;;;;;;;;;;;;;1;;;;;;;;;;;;;Lot shared with building
447;3032010043;1383 Willoughby Avenue;;;;;;;;;;;;;;;1;;;;;;;;;;;;;Lot shared with building
447;3031760032;402-408 Jefferson Street;;;;;;;;;;;;;;;1;;;;;;;;;;;;;Parking in 406-402, Industry in 408
447;3031880137;2 Wyckoff Avenue;;;;;;;;;;;;;;;1;;;;;;;;;;;;;Trash and Playground and Parking
447;3031890001;35 Wyckoff Avenue;;;;;;;;;;;;;;1;1;1;;;;;;;;;;;;Lumber storage, parking, and informal flea market
447;3032000001;41-49 Wyckoff Avenue;;;;;;;;;;;;;;;1;;;;;;;;;;;;;Not 49 Wyckoff! Lot behind it!  Parking!
447;3031780006;1274 Flushing Avenue;;2;1;1;;;1;2;;2;1;Pinnacle Realty;2;2;;;;;;;;;;;;;;2011 NYC DOB Work Permits BBL for 7 St. Nicholas
447;3031990016;214 Starr Street;;;;3;;;;;;;;;;;;;1;;1;2;;;;;;;;May Day
447;3031680014;1250 Flushing Avenue;;;;;;;;;;;;;;;1;;;;;;;;;;;;;
447;3031990054;1249 Willoughby Avenue;;;;;;;;;;;;;;;1;;;;;;;;;;;;;Easy Fat Trading, parking in back only
447;3031780017;15 Scott Avenue;;;;;;;;;;;;;;;1;;;;;;;;;;;;;
447;3031880002;65 Irving Avenue;;3;2;3;1;2;2;;;;1;Nooklyn;2;2;;;;;;;;;;;;;;
447;3031670026;1182 Flushing Avenue;;4;;;;;;;;;;;;;;;;;;;;;;;;;;ESPERANZA TPT HOUSING DEVELOPMENT FUND
447;3031760041;12 Wyckoff Avenue;;;;;;;;;;;;;;;1;;;;;;;;;;;;;
447;3031770003;15 Wyckoff Avenue;;;;;;;;;;;;;;;1;;;;;;;;;;;;;
447;3031770004;9-11 Wyckoff Avenue;;4;1;4;;;1;;;;1;718-433-1118;;;;;;;;;;;;;;;;
447;3031890025;34 St Nicholas Avenue;;2;1;2;;;;;;;1;Beutel;;;;;;;;;;;;;;;;
447;3031990034;38-40 Wyckoff Avenue;;4;1;1;;;;;;;1;Diana+Yuras Real Estate;;;;;;;;;;;;;;;;
447;3031890020;24 St Nicholas Avenue;;;;3;;;;;;;;;;;;;2;;1;2;;;;;;;;ESPERANZA TPT HOUSING DEVELOPMENT FUND
447;3031890027;40 St Nicholas Avenue;;;;3;;;;;;;;;;;;;2;;1;2;;;;;;;;MOSSAAD, AYAD I
447;3031990039;50 Wyckoff Avenue;;;;3;;;;;;;;;;;;;2;;1;2;;;;;;;;50 Wyckoff Ave LLC
